Year,Team,Athlete_Count
1896,Australia,6
1896,Austria,8
1896,Denmark,15
1896,Ethnikos Gymnastikos Syllogos,2
1896,France,26
1896,Germany,93
1896,Great Britain,25
1896,Greece,146
1896,Hungary,18
1896,Italy,1
1896,Sweden,5
1896,Switzerland,8
1896,United States,27
1900,A North American Team,4
1900,Alcyon,3
1900,Amateur Athletic Association,5
1900,Amulet,6
1900,Argentina,1
1900,Ariette,3
1900,Aschenbrodel,12
1900,Australia,5
1900,Austria,26
1900,"BLO Polo Club, Rugby",4
1900,Baby,3
1900,"Bagatelle Polo Club, Paris",4
1900,Belgium,69
1900,Bohemia,10
1900,Bona Fide,3
1900,Brazil,3
1900,Brussels Swimming and Water Polo Club,10
1900,Brynhild,1
1900,C.V.A.,6
1900,Canada,7
1900,Carabinier,2
1900,Cercle Nautique de Reims,2
1900,Cercle de l'Aviron Roubaix,10
1900,Cicely,1
1900,Cinara,1
1900,Club Nautique de Dieppe,6
1900,Club Nautique de Franais,4
1900,Club Nautique de Lyon,8
1900,Colette,3
1900,Compigne Polo Club,4
1900,Crabe I,3
1900,Crabe II,15
1900,Crocodile,3
1900,Cuba,2
1900,Demi-Mondaine,2
1900,Denmark,39
1900,Deutscher Schwimm Verband Berlin,4
1900,Devon and Somerset Wanderers,12
1900,Dick,1
1900,Ducky,3
1900,Esterel,2
1900,Fantlet,3
1900,Favorite,12
1900,Favorite Hammonia,11
1900,Femur,2
1900,Formosa,1
1900,Foxhunters Hurlingham,5
1900,France,705
1900,Frankfurt Club,15
1900,Freia,3
1900,Frimousse,3
1900,Galopin,6
1900,"Germania Ruder Club, Hamburg",14
1900,Germany,42
1900,Giselle,2
1900,Gitana,15
1900,Great Britain,58
1900,Greece,4
1900,Gwendoline,9
1900,Gyp,2
1900,Haiti,3
1900,Hb,2
1900,Hungary,34
1900,India,5
1900,Iran,1
1900,Italy,36
1900,Jeanette,1
1900,Jeannette,1
1900,Laurea,1
1900,Lerina,9
1900,Libellule de Paris,12
1900,Ludwigshafener Ruder Verein,5
1900,Luxembourg,1
1900,Mamie,6
1900,Marsouin,2
1900,Martha,12
1900,Mascaret,3
1900,Mascotte,9
1900,Mignon,3
1900,Minerva Amsterdam,17
1900,Moseley Wanderers,15
1900,Nan,1
1900,Netherlands,46
1900,Nina Claire,12
1900,Norway,29
1900,Olle,9
1900,"Osborne Swimming Club, Manchester",7
1900,Peru,2
1900,Pettit-Poucet,1
1900,Pierre et Jean,3
1900,Pirouette,3
1900,Plume-Patte,2
1900,Plume-patte,1
1900,Pupilles de Neptune de Lille,4
1900,Pupilles de Neptune de Lille #1,7
1900,Pupilles de Neptune de Lille #2,8
1900,Quand-Mme,13
1900,Racing Club de France,11
1900,Ral-Club Barcelona,5
1900,Romania,1
1900,Rowing Club Castillon,3
1900,Royal Club Nautique de Gand,11
1900,Rozenn,1
1900,Russia,5
1900,Sarcelle,9
1900,Scamasaxe,6
1900,Scotia,9
1900,Sidi Fekkar,4
1900,Sidi-Fekkar,8
1900,Singy,4
1900,Societ Nautique de la Marne,14
1900,Souriceau,3
1900,Souvenance,1
1900,Spain,7
1900,Stade Franais AC,2
1900,Suzon IV,3
1900,Sweden,24
1900,Switzerland,43
1900,Tornade,1
1900,Tournade,1
1900,Tritons Lillois,12
1900,Turquoise,3
1900,USFSA,13
1900,Union des Socits Franais de Sports Athletiques,29
1900,United States,120
1900,Univ. of Brussels,11
1900,Upton Park FC,11
1900,Verveine,2
1900,Vesper Boat Club,9
1904,Atalanta Boat Club,4
1904,Australia,6
1904,Austria,6
1904,Boer Team,5
1904,Boston Archers,4
1904,Canada,15
1904,"Central Turnverein, Chicago",6
1904,Century Boat Club,4
1904,Chicago Archers,4
1904,Chicago Athletic Association,16
1904,Christian Brothers' College,11
1904,Cincinnati Archers,8
1904,"Concordia Turnverein, St Louis",6
1904,Cuba,6
1904,"Davenport Turngemeinde, Davenport",6
1904,France,1
1904,Galt Football Club,13
1904,Germany,53
1904,Great Britain,6
1904,Greece,12
1904,Hungary,9
1904,Independent Rowing Club,2
1904,Italy,1
1904,"La Salle Turnverein, Chicago",6
1904,Milwaukee Athletic Club,5
1904,"Milwaukee Turnverein, Milwaukee",6
1904,Missouri Athletic Club,11
1904,Mohawk Indians,12
1904,Mound City Rowing Club,4
1904,New York Athletic Club,17
1904,New York Athletic Club #1,4
1904,New York Athletic Club #2,4
1904,"New York Turnverein, New York",6
1904,Newfoundland,1
1904,Norway,5
1904,"Norwegier Turnverein, Brooklyn",6
1904,Pan-Hellenic Athletic Club,5
1904,"Passaic Turnverein, Passaic",6
1904,"Philadelphia Turngemeinde, Philadelphia",6
1904,Potomac Archers,4
1904,Ravenswood Boat Club,2
1904,Seawanhaka Boat Club,2
1904,"Socialer Turnverein, Detroit",6
1904,South Africa,3
1904,"South St Louis Turnverein, St Louis",6
1904,St. Louis Amateur Athletic Association,12
1904,St. Louis Southwest Turnverein #1,5
1904,St. Louis Southwest Turnverein #2,5
1904,St. Rose,12
1904,Switzerland,7
1904,Toronto Argonauts,9
1904,Trans-Mississippi Golf Association,10
1904,"Turnverein Vorwrts, Chicago",6
1904,"Turnverein Vorwrts, Cleveland",6
1904,United States,851
1904,United States Golf Association,10
1904,Vesper Boat Club,9
1904,Western Golf Association,10
1904,Western Rowing Club,6
1904,Winnipeg Shamrocks,12
1906,Athens,11
1906,Australia,10
1906,Austria,100
1906,Barion,3
1906,Belgium,27
1906,Bohemia,29
1906,Bucintoro Venezia,11
1906,Canada,4
1906,Crete,11
1906,Dansk Idrts Forbund,11
1906,Denmark,57
1906,Egypt,5
1906,Finland,18
1906,France,149
1906,Germany,157
1906,Great Britain,104
1906,Greece,332
1906,Hungary,99
1906,Italy,47
1906,"Large boat, Central Naval Prep School ""Poros""",17
1906,"Lemzos Thorichton ""Psara""",17
1906,"Lemzos Thorichton ""Spetsai""",17
1906,"Life boat naval ship ""Spetsai""",7
1906,"Marinai della nave da guerra ""Varese""",24
1906,Nautikos Omilos,5
1906,Netherlands,49
1906,Norway,55
1906,Omas Helliniki P. S.,8
1906,Omilos Ereton Peiraios,3
1906,Omilos Ereton Smyrnis,5
1906,Panhellenios Gymnastikos Syllogos,11
1906,Peiraikos Syndesmos,8
1906,"Phalainis ton Thorichtou ""Hydra""",24
1906,"Phalainis ton Thorichtou ""Psara""",7
1906,Pistoja,9
1906,Roma,9
1906,Royal Club Nautique de Gand,6
1906,Smyrna,11
1906,Socit Nautique de Bayonne,11
1906,Socit Nautique de la Basse Seine,11
1906,Sweden,95
1906,Switzerland,45
1906,Thessalonki,11
1906,Turkey,2
1906,United States,81
1908,Amstel Amsterdam,4
1908,Argentina,1
1908,Argonaut Rowing Club,6
1908,Australasia,48
1908,Austria,13
1908,Belgium,87
1908,Berliner Ruderclub,2
1908,Bohemia,41
1908,Cambridge University Boat Club,9
1908,Camille,1
1908,Canada,133
1908,Cobweb,5
1908,Cornwall,15
1908,Denmark,107
1908,Dormy,3
1908,Dylan,2
1908,England,11
1908,Finland,94
1908,Fram,5
1908,France,315
1908,Freja,3
1908,Germany,146
1908,Great Britain,790
1908,Greece,49
1908,Guyoni,3
1908,Gyrinus,6
1908,Hera,10
1908,Heroine,4
1908,Hungary,98
1908,Hurlingham,4
1908,Iceland,1
1908,Ireland,16
1908,Italy,97
1908,K Division Metropolitan Police Team,8
1908,Leander Club,13
1908,Leander Club #1,2
1908,Leander Club #2,2
1908,Liverpool Police Team,8
1908,London City Police,8
1908,Magdalen College Boat Club,4
1908,Mouchette,10
1908,Netherlands,214
1908,Norway,89
1908,Norwegian Rowing Association,9
1908,Pannonia RC,9
1908,Quicksilver,2
1908,Roehampton,4
1908,Royal Club Nautique de Gand,9
1908,Russia,7
1908,Saga,5
1908,Scotland,11
1908,Sea Dog,2
1908,Sibindi,3
1908,Sorais,5
1908,South Africa,33
1908,Sweden,263
1908,Switzerland,1
1908,Toronto Argonauts,9
1908,United States,219
1908,Vinga,5
1908,Wales,11
1908,Wolseley-Siddeley,4
1908,Zut,3
1912,Australasia,29
1912,Austria,127
1912,Belgium,67
1912,Berliner Ruderclub Sport-Borussia,9
1912,Berliner Ruderverein von 1876,9
1912,Bohemia,74
1912,Bylina,5
1912,Canada,51
1912,Chile,28
1912,Denmark,215
1912,England,24
1912,Erna Signe,10
1912,Finland,201
1912,Finn II,3
1912,France,210
1912,Gallia II,7
1912,Germany,289
1912,Great Britain,386
1912,Greece,77
1912,Gteborgs Roddfrening,5
1912,Gteborgs Roddklubb,9
1912,Heatherbell,7
1912,Helsingfors R. K.,5
1912,Hungaria Evezos Egylet,9
1912,Hungary,198
1912,Iceland,2
1912,Ireland,12
1912,Italy,96
1912,Japan,4
1912,K.S.S.S. 1912,6
1912,Kerstin,3
1912,Kitty,8
1912,Kristiania Roklub,19
1912,Leander Club,9
1912,Lucky Girl,5
1912,Ludwigshafener Ruderverein,5
1912,Luxembourg,44
1912,Mac Miche,3
1912,Magda IX,10
1912,Marga,6
1912,Netherlands,45
1912,"New College, Oxford",9
1912,Nina,7
1912,Norman,5
1912,Norway,216
1912,Nurdug II,3
1912,Nykjbings paa Falster,5
1912,Ormsund Roklub,5
1912,Poland,1
1912,Polyteknisk Roklub,5
1912,Portugal,8
1912,"R.-V. Germania, Leitmeritz",5
1912,Roddklubben af 1912,14
1912,Roklubb Kbnhavn,5
1912,Royal Club Nautique de Gand,5
1912,Russia,249
1912,Sans Atout,5
1912,Sass,3
1912,Scotland,16
1912,Serbia,2
1912,Socit Nautique de Bayonne,19
1912,Sonja II,3
1912,South Africa,56
1912,Studenternes Roklub,5
1912,Sweden,640
1912,Switzerland,7
1912,Sydney Rowing Club,9
1912,Taifun,5
1912,Thames Rowing Club,5
1912,Toronto Argonauts,9
1912,Turkey,7
1912,United States,364
1912,Unknown,2
1912,Vaxholm Roddklubb,5
1912,rn,5
1920,Ancora,4
1920,Antwerpia V,5
1920,Argentina,1
1920,Atlanta,9
1920,Australia,29
1920,Beatrijs III,3
1920,Belgium,504
1920,Boreas,2
1920,Brat,2
1920,Brazil,38
1920,Canada,85
1920,Chile,2
1920,Czechoslovakia,182
1920,Denmark,246
1920,Edelweiss II,3
1920,Egypt,22
1920,Eleda,7
1920,Elsie,4
1920,Estonia,20
1920,Finland,136
1920,Fornebo,4
1920,France,449
1920,Great Britain,339
1920,Greece,98
1920,Heira II,9
1920,India,7
1920,Irene,5
1920,Italy,291
1920,Japan,26
1920,Jo,3
1920,Kullan,3
1920,Luxembourg,35
1920,Lyn,5
1920,Marmi II,3
1920,Monaco,7
1920,Mosk II,7
1920,Netherlands,205
1920,New Zealand,6
1920,Norway,208
1920,Oranje,3
1920,Portugal,40
1920,Rose Pompon,3
1920,Sif,4
1920,Sildra,4
1920,South Africa,97
1920,Spain,111
1920,Stella,3
1920,Suzy,3
1920,Sweden,393
1920,Switzerland,126
1920,Tan-Fe-Pah,3
1920,United States,473
1920,Yugoslavia,15
1924,Aloha II,3
1924,Amolgavar,3
1924,Antwerpia V,5
1924,Argentina,104
1924,Australia,60
1924,Austria,56
1924,Belgium,226
1924,Bera,5
1924,Blue Red,5
1924,Bonzo,3
1924,Brazil,18
1924,Bulgaria,31
1924,Canada,83
1924,Chile,18
1924,Ciss,3
1924,Cuba,10
1924,Czechoslovakia,242
1924,Denmark,155
1924,Ecuador,4
1924,Egypt,30
1924,Elisabeth V,3
1924,Emily,5
1924,Estonia,47
1924,Finland,253
1924,France,628
1924,Great Britain,423
1924,Greece,79
1924,Haiti,16
1924,Hatuey,3
1924,Hungary,140
1924,India,24
1924,Ireland,60
1924,Italy,330
1924,Japan,37
1924,Latvia,47
1924,Lithuania,13
1924,Luxembourg,122
1924,Mebi,3
1924,Mexico,28
1924,Monaco,9
1924,Namoussa,5
1924,Netherlands,243
1924,New Zealand,6
1924,Norway,97
1924,Philippines,2
1924,Poland,100
1924,Portugal,47
1924,Romania,45
1924,Russia,3
1924,Sandra,3
1924,South Africa,44
1924,Spain,148
1924,Sweden,253
1924,Switzerland,262
1924,Turkey,23
1924,United States,459
1924,Uruguay,40
1924,Willem-Six,3
1924,Yugoslavia,116
1928,Argentina,93
1928,Australia,29
1928,Austria,113
1928,Babe,5
1928,Bamba,6
1928,Belgium,255
1928,Bulgaria,10
1928,Camelia,4
1928,Canada,113
1928,Chile,46
1928,Cuba,1
1928,Cupidon III,5
1928,Cupidon Viking,5
1928,Czechoslovakia,147
1928,Denmark,118
1928,Egypt,43
1928,Estonia,18
1928,Feo,6
1928,Finland,132
1928,France,411
1928,Frieda,5
1928,Fruits,5
1928,Germany,394
1928,Great Britain,348
1928,Greece,47
1928,Haiti,3
1928,Hi-Hi,4
1928,Hollandia,6
1928,Hungaria,5
1928,Hungary,214
1928,India,24
1928,Ingegerd,4
1928,Ireland,44
1928,Italy,262
1928,Japan,56
1928,Kemphaan,5
1928,L'Aile VI,6
1928,Latvia,24
1928,Lithuania,13
1928,Luxembourg,107
1928,Malta,9
1928,Mexico,55
1928,Monaco,12
1928,Netherlands,373
1928,New Zealand,13
1928,Noreg,4
1928,Norna,4
1928,Norway,71
1928,Pan,5
1928,Panama,2
1928,Philippines,6
1928,Poland,146
1928,Portugal,35
1928,Romania,33
1928,South Africa,40
1928,Spain,101
1928,Sweden,129
1928,Switzerland,236
1928,Sylvia,6
1928,Turkey,40
1928,Tutti V,5
1928,Twins II,5
1928,Ubu,5
1928,United States,416
1928,Uruguay,17
1928,Yugoslavia,86
1928,Zimbabwe,2
1932,Angelita,12
1932,Argentina,47
1932,Australia,20
1932,Austria,33
1932,Belgium,69
1932,Bissbi,4
1932,Brazil,67
1932,Bulgaria,2
1932,Canada,179
1932,Caprice,4
1932,China,2
1932,Colombia,2
1932,Cuba,3
1932,Czechoslovakia,44
1932,Denmark,94
1932,El Salvador,4
1932,Estonia,3
1932,Finland,66
1932,France,157
1932,Gallant,5
1932,Germany,202
1932,Great Britain,168
1932,Greece,16
1932,Guatemala,1
1932,Haiti,3
1932,Holland,2
1932,Hungary,118
1932,India,26
1932,Ireland,18
1932,Italy,154
1932,Japan,203
1932,Joy,2
1932,Jupiter,2
1932,Latvia,13
1932,Luxembourg,11
1932,Mexico,100
1932,Monaco,1
1932,Netherlands,78
1932,New Zealand,29
1932,Norway,8
1932,Peru,3
1932,Philippines,8
1932,Poland,71
1932,Portugal,8
1932,Romania,2
1932,Santa Maria,6
1932,South Africa,18
1932,Spain,8
1932,Springbok,2
1932,Sweden,122
1932,Swedish Star,2
1932,Switzerland,9
1932,Tramontane,2
1932,Turkey,2
1932,United States,724
1932,Uruguay,6
1932,Venezuela,1
1932,Windor,2
1932,Yugoslavia,1
1936,Afghanistan,16
1936,Angelita,6
1936,Angerburg,1
1936,Anitra,6
1936,Argentina,57
1936,Augsburg,1
1936,Australia,39
1936,Austria,362
1936,Belgium,202
1936,Bem II,2
1936,Bermuda,9
1936,Bolivia,2
1936,Brandenburg,1
1936,Brazil,93
1936,Bremen,1
1936,Breslau,1
1936,Bulgaria,85
1936,Canada,166
1936,Chile,55
1936,China,65
1936,Colombia,6
1936,Costa Rica,1
1936,Cuxhaven,1
1936,Czechoslovakia,293
1936,Danuta,5
1936,Danzig,1
1936,DeRuyter,5
1936,Denmark,166
1936,Dresden,1
1936,EA II,6
1936,Egypt,66
1936,Esperia,5
1936,Essen,1
1936,Estonia,35
1936,Fada,2
1936,Finland,174
1936,France,289
1936,Freddy,2
1936,Germania II,6
1936,Germany,567
1936,Great Britain,236
1936,Greece,64
1936,Gustel V,5
1936,Hamburg,1
1936,Hannover,1
1936,Heidelberg,1
1936,Hungary,334
1936,Iceland,13
1936,Ilderim,6
1936,India,30
1936,Italia,6
1936,Italy,335
1936,Japan,322
1936,KNS,2
1936,Kiel,1
1936,Kln,1
1936,Knigsberg,1
1936,Konstanz,1
1936,Lalage,5
1936,Latvia,33
1936,Lbeck,1
1936,Leipzig,1
1936,Liechtenstein,8
1936,Lully II,5
1936,Luxembourg,129
1936,Lynn,5
1936,Mainz,1
1936,Malta,11
1936,Marmara,2
1936,Matrero II,6
1936,May Be,5
1936,Mexico,32
1936,Monaco,11
1936,Myojo,2
1936,Mystery,5
1936,Netherlands,219
1936,New Zealand,9
1936,Norway,70
1936,Nrnberg,1
1936,Paka,2
1936,Pegaso,2
1936,Peru,46
1936,Philippines,40
1936,Poland,172
1936,Portugal,23
1936,Potsdam,1
1936,Qu'Importe,5
1936,Romania,118
1936,Rostock,1
1936,Saskia,6
1936,Sheerio,6
1936,Silja,6
1936,South Africa,54
1936,Sunshine,2
1936,Sweden,218
1936,Switzerland,322
1936,Three Star Too,2
1936,Turkey,59
1936,United States,473
1936,Uruguay,39
1936,Vicking,2
1936,Wannsee,2
1936,Wiking,5
1936,Ylliam II,5
1936,Yugoslavia,172
1948,Acturus,2
1948,Afghanistan,25
1948,Ali-Baba II,7
1948,Allegro,3
1948,Aloha II,2
1948,Andorinha,2
1948,Antares,2
1948,Apache,5
1948,Argentina,283
1948,Argus,4
1948,Ariel,2
1948,Ausonia,3
1948,Australia,101
1948,Austria,236
1948,Belgium,171
1948,Bermuda,28
1948,Brazil,101
1948,Buscape II,2
1948,Canada,184
1948,Ceres II,3
1948,Chance,2
1948,Chile,72
1948,China,33
1948,Ciocca II,7
1948,Colombia,11
1948,Cuba,110
1948,Czechoslovakia,153
1948,Denmark,245
1948,Djinn,5
1948,Dolfijn,6
1948,Donar III,3
1948,Egypt,166
1948,Enotria,2
1948,Espardate,2
1948,Finland,204
1948,France,421
1948,Galerna,3
1948,Gem II,2
1948,Great Britain,578
1948,Greece,93
1948,Guyana,7
1948,Hilarius,2
1948,Hungary,222
1948,Iceland,27
1948,India,89
1948,Iran,39
1948,Iraq,13
1948,Ireland,81
1948,Italy,296
1948,Jamaica,26
1948,Johan,5
1948,Joy,3
1948,Kurush II,2
1948,LaBandera,5
1948,Lalage,5
1948,Lebanon,9
1948,Legionario,2
1948,Liechtenstein,2
1948,Llanoria,5
1948,Lotta IV,2
1948,Lucky Star,2
1948,Luxembourg,115
1948,Malta,1
1948,Margaret,2
1948,Mexico,149
1948,Monaco,4
1948,Moorina,2
1948,Morena,5
1948,Myanmar,5
1948,Nephos I,4
1948,Netherlands,180
1948,New Zealand,8
1948,Nora,2
1948,Nortazo,2
1948,Norway,87
1948,Pakistan,44
1948,Pampero,3
1948,Pan,3
1948,Panama,2
1948,Peru,49
1948,Philippines,31
1948,Poland,52
1948,Portugal,57
1948,Puerto Rico,9
1948,Raili,6
1948,Red Indian,2
1948,Rhythm,3
1948,Scaup,2
1948,Singapore,1
1948,Slaghoken,3
1948,Snap,3
1948,South Africa,43
1948,South Korea,48
1948,Spain,81
1948,Sri Lanka,10
1948,St. Margrite,2
1948,Starita,2
1948,Sweden,211
1948,Swift,2
1948,Switzerland,279
1948,Symphony,2
1948,Syria,1
1948,The Cloud,2
1948,Trinidad and Tobago,9
1948,Turkey,87
1948,United States,412
1948,Uruguay,77
1948,Venezuela,2
1948,Vinha,3
1948,Ylliam VII,6
1948,Yugoslavia,162
1952,30. Februar,2
1952,Alcaid,3
1952,Ali-Baba IV,2
1952,Arcturus,2
1952,Argentina,161
1952,Australia,135
1952,Austria,236
1952,Bahamas,1
1952,Belgium,181
1952,Bem II,2
1952,Bermuda,12
1952,Brazil,114
1952,Bu III,2
1952,Bulgaria,179
1952,Burevestnik,3
1952,Canada,144
1952,Chile,82
1952,China,1
1952,Ciocca,5
1952,Comanche,2
1952,Complex II,4
1952,Cuba,55
1952,Czechoslovakia,218
1952,Damoiselle,3
1952,DeRuyter,3
1952,Denmark,195
1952,Djinn,5
1952,Egypt,196
1952,Eissero VI,2
1952,Elisabeth X,5
1952,Encore,3
1952,Escapade,3
1952,Espadarte,2
1952,Finland,399
1952,Fortuna,2
1952,France,400
1952,Galatea II,3
1952,Gem III,2
1952,Germany,352
1952,Ghana,9
1952,Girl Pat,3
1952,Great Britain,388
1952,Greece,52
1952,Guatemala,35
1952,Gullvinge,3
1952,Gustel X,3
1952,Guyana,1
1952,Hirondelle,2
1952,Hojwa,3
1952,Hong Kong,9
1952,Hornet,2
1952,Hungary,345
1952,Iceland,18
1952,India,94
1952,Indonesia,3
1952,Iran,23
1952,Ireland,25
1952,Israel,31
1952,Italy,363
1952,Jamaica,16
1952,Japan,133
1952,Jet,3
1952,Jill,3
1952,Korshun,3
1952,Kurush IV,2
1952,Lebanon,9
1952,Liechtenstein,2
1952,Llanoria,6
1952,Lotta IV,2
1952,Lucky Star,2
1952,Luxembourg,101
1952,Marie-Tim,2
1952,May Be VII,5
1952,Merope,2
1952,Mexico,85
1952,Mirtala,3
1952,Monaco,8
1952,Myanmar,5
1952,Netherlands,172
1952,Netherlands Antilles,11
1952,New Zealand,20
1952,Nigeria,15
1952,Nirwana,5
1952,Norway,179
1952,Paka V,2
1952,Pakistan,51
1952,Pampero,3
1952,Pan,3
1952,Panama,1
1952,Philippines,28
1952,Poland,248
1952,Portugal,147
1952,Primorka,2
1952,Puerto Rico,23
1952,Ralia,5
1952,Romania,241
1952,Saar,93
1952,Sabre,3
1952,Shoveller,3
1952,Singapore,7
1952,Sjhxa,3
1952,Skidoo,3
1952,Snude,3
1952,South Africa,106
1952,South Korea,22
1952,South Vietnam,13
1952,Soviet Union,443
1952,Spain,42
1952,Sri Lanka,7
1952,Sweden,342
1952,Switzerland,241
1952,Teresita,3
1952,Thailand,15
1952,Thalatta,3
1952,Tim-Tam III,3
1952,Titia,5
1952,Tom Kyle,3
1952,Tornado,3
1952,Trickson VI,5
1952,Trinidad and Tobago,2
1952,Tu-Fri,3
1952,Turkey,58
1952,Unique,3
1952,United States,436
1952,Uragan,2
1952,Uruguay,42
1952,Venezuela,63
1952,Vinha,3
1952,Virginie,3
1952,Whirlaway,2
1952,Yeoman,4
1952,Ylliam VIII,5
1952,Yugoslavia,192
1956,Afghanistan,12
1956,Aretusa,3
1956,Argentina,39
1956,Australia,402
1956,Austria,57
1956,Bahamas,3
1956,Beaver,2
1956,Belgium,82
1956,Bluebottle,3
1956,Brazil,61
1956,Bulgaria,82
1956,Buraddoo,3
1956,Cambodia,2
1956,Canada,143
1956,Canopus,3
1956,Chile,43
1956,Chinese Taipei,23
1956,Chuckles,2
1956,Colombia,47
1956,Covunco III,2
1956,Cuba,22
1956,Czechoslovakia,161
1956,Denmark,48
1956,Druzhba,3
1956,Egypt,6
1956,Ethiopia,30
1956,Falcon IV,2
1956,Faneca,2
1956,Fiji,5
1956,Finland,144
1956,France,220
1956,Gam II,2
1956,Gem IV,2
1956,Germany,253
1956,Gilliatt V,3
1956,Great Britain,272
1956,Greece,14
1956,Gustl XI,3
1956,Guyana,6
1956,Hong Kong,4
1956,Hungary,197
1956,Iceland,2
1956,Impala,2
1956,Inca,2
1956,India,79
1956,Indonesia,24
1956,Iran,17
1956,Ireland,25
1956,Israel,3
1956,Italy,196
1956,Jamaica,13
1956,Japan,222
1956,Jest,2
1956,Kannibaltje,2
1956,Kathleen,2
1956,Kenya,31
1956,Kingfisher,2
1956,Kon-Tiki,2
1956,Kurush IV,2
1956,Liberia,11
1956,Luxembourg,27
1956,Malaya,34
1956,Manana,2
1956,Merope III,2
1956,Mexico,36
1956,Myanmar,10
1956,Naiad,2
1956,Neptun II,3
1956,Netherlands,1
1956,New Zealand,52
1956,Nigeria,14
1956,Nikh,2
1956,North Borneo,2
1956,Norway,23
1956,Pakistan,79
1956,Pam,3
1956,Pampero,3
1956,Pan II,3
1956,Paula,3
1956,Peru,10
1956,Philippines,48
1956,Poland,118
1956,Portugal,13
1956,Puerto Rico,14
1956,Red Dragon,3
1956,Rika II,4
1956,Romania,103
1956,Romolo,2
1956,Rush IV,4
1956,Rush V,3
1956,Singapore,48
1956,Slaghoken II,3
1956,South Africa,85
1956,South Korea,36
1956,South Vietnam,10
1956,Soviet Union,401
1956,Spain,12
1956,Spirit III,4
1956,Sri Lanka,3
1956,Starlight III,2
1956,Sweden,180
1956,Switzerland,18
1956,Thailand,38
1956,Tichiboo,2
1956,Tilly,3
1956,Tineke,2
1956,Tip,3
1956,Tomahawk II,3
1956,Trinidad and Tobago,10
1956,Tulilind,2
1956,Turkey,28
1956,Twins VIII,4
1956,Uganda,5
1956,United States,431
1956,Uruguay,29
1956,Venezuela,38
1956,Viking,3
1956,Vision,4
1956,Wendehals,2
1956,Xantippa,3
1956,Yeoman V,3
1956,Yugoslavia,37
1960,Afghanistan,16
1960,Aldebaran II,2
1960,Aletta,3
1960,Ali-Baba VI,2
1960,Ardilla,3
1960,Argentina,108
1960,Argo II,3
1960,Astrid III,3
1960,Australia,270
1960,Austria,191
1960,Baccara,3
1960,Bahamas,4
1960,Bajazzo,3
1960,Balaton,2
1960,Ballerina IV,3
1960,Beaver,2
1960,Belgium,148
1960,Bella,2
1960,Bellatrix IX,3
1960,Bermuda,1
1960,Bermudes,3
1960,Bermudian,2
1960,Bim,3
1960,Boreas,3
1960,Brazil,82
1960,Bronia,3
1960,Bulgaria,183
1960,Buraddoo,3
1960,Calcinhas,2
1960,Calypse II,2
1960,Canada,130
1960,Canopus,3
1960,Cha-Cha III,2
1960,Chamukina,2
1960,Chile,9
1960,Chinese Taipei,31
1960,Chok,3
1960,Ciocca III,3
1960,Circus,2
1960,Colombia,23
1960,Combine,2
1960,Cuba,19
1960,Czechoslovakia,202
1960,Daisy,3
1960,Damoiselle IV,3
1960,Danaldo,2
1960,Denmark,101
1960,Dinah V,3
1960,Espuma del Mar,2
1960,Ethiopia,15
1960,Evita VI,2
1960,Falcon VI,2
1960,Fantasio III,2
1960,Fiji,3
1960,Finland,211
1960,France,353
1960,Frip IV,2
1960,Gabbiano,3
1960,Galejan,3
1960,Gem VII,2
1960,Germany,413
1960,Ghana,15
1960,Great Britain,379
1960,Greece,52
1960,Grifo III,3
1960,Guyana,6
1960,Haiti,1
1960,Hakahana,2
1960,Harmony,2
1960,Hong Kong,4
1960,Hungary,308
1960,Iceland,11
1960,India,49
1960,Indonesia,22
1960,Inga-Lill XXXXIII,3
1960,Iran,24
1960,Iraq,28
1960,Ireland,58
1960,Israel,46
1960,Italy,392
1960,Japan,273
1960,John B,3
1960,June Climene,3
1960,Kenya,30
1960,Lasha,3
1960,Lebanon,20
1960,Lett,3
1960,Liberia,6
1960,Liechtenstein,8
1960,Luxembourg,117
1960,Ma'Lindo,2
1960,Macky VI,3
1960,Mad Dog,2
1960,Maid of Lebanon,2
1960,Malaya,11
1960,Malta,11
1960,Mari,2
1960,May-Be 1960,2
1960,Merope,2
1960,Merope III,2
1960,Meteor,2
1960,Mexico,108
1960,Minotaur,3
1960,Mizar,2
1960,Monaco,10
1960,Morocco,111
1960,Myanmar,8
1960,Netherlands,154
1960,Netherlands Antilles,5
1960,New Zealand,45
1960,Nigeria,15
1960,Nirefs,3
1960,Nokaut II,2
1960,Norway,42
1960,Oleander II,3
1960,Olimpia,2
1960,Olympion,2
1960,Pakaria,2
1960,Pakistan,53
1960,Panama,8
1960,Partenope,3
1960,Pasodoble,2
1960,Patricia,3
1960,Peri,2
1960,Persey,3
1960,Peru,33
1960,Philippines,46
1960,Pimm,2
1960,Poland,307
1960,Portugal,99
1960,Posillipo III,3
1960,Puerto Rico,29
1960,Rhodesia,10
1960,Rififi,3
1960,Romania,156
1960,SagaII,3
1960,Salamander,3
1960,San Marino,13
1960,Scram,2
1960,Shrew II,2
1960,Siames-Cat,2
1960,Singapore,2
1960,Sirene,2
1960,Sjovinge,2
1960,Skum,2
1960,Snowten III,3
1960,South Africa,70
1960,South Korea,49
1960,South Vietnam,5
1960,Soviet Union,404
1960,Spain,228
1960,Spirit VI,3
1960,Sri Lanka,5
1960,Struten,3
1960,Sudan,13
1960,Surprise,3
1960,Sweden,248
1960,Switzerland,211
1960,Tajamar,2
1960,Tango,3
1960,Tengiri,2
1960,Terrible,2
1960,Thailand,22
1960,Three Leaves,2
1960,Tornado,2
1960,Trintel II,3
1960,Tunisia,56
1960,Turkey,58
1960,Twinkle,2
1960,Uganda,16
1960,United Arab Republic,123
1960,United States,418
1960,Uruguay,39
1960,Venezuela,52
1960,Venilia,3
1960,Vesania,2
1960,Viktoriya,3
1960,Vim III,2
1960,Voloira II,3
1960,Web II,3
1960,West Indies Federation,18
1960,Yangon,2
1960,Yeoman VII,3
1960,Yugoslavia,183
1960,Zefyros,2
1960,Zimbabwe,10
1964,Acipactli,3
1964,Afghanistan,8
1964,Akatonbo,3
1964,Alain IV,3
1964,Aldebaran,2
1964,Algeria,7
1964,Ali-Baba IX,2
1964,Almaz,2
1964,Andromeda,3
1964,Aphrodite,3
1964,Argentina,143
1964,Argeste,3
1964,Australia,382
1964,Austria,80
1964,Bahamas,4
1964,Barco Deloro,4
1964,Barrenjoey,3
1964,Belgium,74
1964,Bellatrix XIII,2
1964,Bermuda,1
1964,Bingo,3
1964,Bolivia,1
1964,Brazil,61
1964,Brigantia,2
1964,Bulgaria,116
1964,Cambodia,13
1964,Cambria,3
1964,Cameroon,2
1964,Canada,184
1964,Chad,2
1964,Chaje II,3
1964,Chile,16
1964,Chinese Taipei,96
1964,Clementine V,2
1964,Colombia,40
1964,Congo (Brazzaville),2
1964,Costa Rica,2
1964,Cote d'Ivoire,10
1964,Cuba,76
1964,Czechoslovakia,187
1964,Daisy,2
1964,Denmark,63
1964,Diablo,2
1964,Dominican Republic,1
1964,Druzhba,3
1964,Egypt,83
1964,Espuma del Mar,2
1964,Ethiopia,19
1964,Faneca,2
1964,Finland,146
1964,Firebird II,2
1964,Fram III,3
1964,France,212
1964,Gem,2
1964,Germany,467
1964,Ghana,40
1964,Glider,2
1964,Glisten,2
1964,Great Britain,293
1964,Greece,16
1964,Grifo IV,3
1964,Grifone,3
1964,Guanahani,3
1964,Guyana,1
1964,GyoshuII,2
1964,Hayama,2
1964,Hong Kong,47
1964,Humbug V,2
1964,Hungary,319
1964,Iceland,5
1964,India,111
1964,Iran,96
1964,Iraq,19
1964,Ireland,32
1964,Israel,13
1964,Italy,246
1964,Jamaica,29
1964,Japan,446
1964,John B,3
1964,Kalayaan,3
1964,Kenya,41
1964,Kuling,3
1964,Lady C,2
1964,Lebanon,8
1964,Liberia,2
1964,Liechtenstein,3
1964,Linglom,3
1964,Lucky,2
1964,Luxembourg,27
1964,Madagascar,4
1964,Malaysia,81
1964,Mali,2
1964,Maryke,2
1964,Mexico,118
1964,Miss Denmark 1964,2
1964,Miss Nippon IV,3
1964,Miss Nippon V,3
1964,MitaII,2
1964,Monaco,1
1964,Mongolia,40
1964,Monica,3
1964,Morocco,21
1964,Mutafo,3
1964,Myanmar,12
1964,Nausikaa 4,2
1964,Nepal,6
1964,Netherlands,152
1964,Netherlands Antilles,4
1964,New Zealand,86
1964,Niger,1
1964,Nigeria,19
1964,Norway,35
1964,Oleander XII,3
1964,Olen,3
1964,Pakistan,47
1964,Panama,15
1964,Pandora,2
1964,Peri II,2
1964,Peru,40
1964,Philippines,67
1964,Phoenix,3
1964,Pigoule,2
1964,Poland,240
1964,Portugal,20
1964,Pousse-Moi Pas VII,2
1964,Proteus II,3
1964,Puerto Rico,45
1964,Rampage,2
1964,Riccar,2
1964,Romania,232
1964,Roy,3
1964,Rush VII,3
1964,Senegal,14
1964,Serendipity,3
1964,South Korea,240
1964,South Vietnam,23
1964,Soviet Union,453
1964,Spain,67
1964,Squid III,2
1964,Sri Lanka,7
1964,State VI,3
1964,Subbnboana,4
1964,Sweden,165
1964,Switzerland,122
1964,Syndi,2
1964,Taifun,2
1964,Tango,3
1964,Tantalus,2
1964,Tanzania,4
1964,Thailand,64
1964,Tlaloc,2
1964,Trinidad and Tobago,16
1964,Tunisia,12
1964,Turkey,25
1964,Uganda,19
1964,Umberta V,2
1964,United States,482
1964,Uruguay,29
1964,Venezuela,21
1964,Vento Sul,2
1964,Web III,3
1964,White Lady,3
1964,Widgeon,2
1964,Xolotl,3
1964,Yeoman XII,3
1964,Yugoslavia,123
1964,Zambia,15
1964,Zimbabwe,31
1968,Afghanistan,5
1968,Algeria,9
1968,Argentina,132
1968,Australia,224
1968,Austria,59
1968,Bahamas,22
1968,Barbados,13
1968,Belgium,106
1968,Belize,7
1968,Bermuda,6
1968,Bolivia,4
1968,Brazil,89
1968,Bulgaria,189
1968,Cameroon,5
1968,Canada,291
1968,Central African Republic,1
1968,Chad,4
1968,Chile,25
1968,Chinese Taipei,93
1968,Colombia,70
1968,Congo (Kinshasa),8
1968,Costa Rica,27
1968,Cote d'Ivoire,11
1968,Cuba,227
1968,Czechoslovakia,203
1968,Denmark,93
1968,Dominican Republic,24
1968,East Germany,346
1968,Ecuador,41
1968,Egypt,35
1968,El Salvador,104
1968,Ethiopia,26
1968,Fiji,1
1968,Finland,126
1968,France,311
1968,Ghana,36
1968,Great Britain,328
1968,Greece,44
1968,Guatemala,67
1968,Guinea,15
1968,Guyana,6
1968,Honduras,6
1968,Hong Kong,25
1968,Hungary,303
1968,Iceland,16
1968,India,27
1968,Indonesia,6
1968,Iran,14
1968,Iraq,4
1968,Ireland,57
1968,Israel,39
1968,Italy,268
1968,Jamaica,35
1968,Japan,289
1968,Kenya,50
1968,Kuwait,2
1968,Lebanon,15
1968,Libya,1
1968,Liechtenstein,3
1968,Luxembourg,7
1968,Madagascar,6
1968,Malaysia,35
1968,Mali,2
1968,Malta,1
1968,Mexico,446
1968,Monaco,2
1968,Mongolia,38
1968,Morocco,25
1968,Myanmar,4
1968,Netherlands,140
1968,Netherlands Antilles,5
1968,New Zealand,65
1968,Nicaragua,16
1968,Niger,2
1968,Nigeria,46
1968,Norway,86
1968,Pakistan,15
1968,Panama,16
1968,Paraguay,1
1968,Peru,33
1968,Philippines,89
1968,Poland,296
1968,Portugal,33
1968,Puerto Rico,99
1968,Romania,100
1968,San Marino,4
1968,Senegal,24
1968,Sierra Leone,4
1968,Singapore,6
1968,South Korea,66
1968,South Vietnam,9
1968,Soviet Union,471
1968,Spain,137
1968,Sri Lanka,3
1968,Sudan,7
1968,Suriname,1
1968,Sweden,186
1968,Switzerland,155
1968,Syria,2
1968,Tanzania,5
1968,Thailand,46
1968,Trinidad and Tobago,25
1968,Tunisia,8
1968,Turkey,30
1968,Uganda,14
1968,United States,529
1968,United States Virgin Islands,6
1968,Uruguay,50
1968,Venezuela,30
1968,West Germany,432
1968,Yugoslavia,130
1968,Zambia,7
1972,Afghanistan,8
1972,Albania,5
1972,Algeria,7
1972,Argentina,123
1972,Australia,266
1972,Austria,143
1972,Bahamas,25
1972,Barbados,20
1972,Belgium,106
1972,Belize,2
1972,Benin,3
1972,Bermuda,9
1972,Bolivia,14
1972,Brazil,104
1972,Bulgaria,226
1972,Burkina Faso,1
1972,Cambodia,17
1972,Cameroon,18
1972,Canada,344
1972,Chad,5
1972,Chile,13
1972,Chinese Taipei,44
1972,Colombia,75
1972,Congo (Brazzaville),8
1972,Costa Rica,4
1972,Cote d'Ivoire,13
1972,Cuba,201
1972,Czechoslovakia,274
1972,Denmark,155
1972,Dominican Republic,5
1972,East Germany,454
1972,Ecuador,4
1972,Egypt,26
1972,El Salvador,18
1972,Ethiopia,40
1972,Fiji,4
1972,Finland,133
1972,France,356
1972,Gabon,1
1972,Ghana,41
1972,Great Britain,433
1972,Greece,66
1972,Guatemala,11
1972,Guyana,4
1972,Haiti,7
1972,Hong Kong,18
1972,Hungary,367
1972,Iceland,30
1972,India,43
1972,Indonesia,7
1972,Iran,56
1972,Ireland,84
1972,Israel,17
1972,Italy,345
1972,Jamaica,51
1972,Japan,293
1972,Kenya,69
1972,Kuwait,4
1972,Lebanon,36
1972,Lesotho,2
1972,Liberia,5
1972,Liechtenstein,12
1972,Luxembourg,15
1972,Madagascar,13
1972,Malawi,18
1972,Malaysia,57
1972,Mali,3
1972,Malta,5
1972,Mexico,281
1972,Monaco,5
1972,Mongolia,44
1972,Morocco,39
1972,Myanmar,19
1972,Nepal,2
1972,Netherlands,199
1972,Netherlands Antilles,2
1972,New Zealand,112
1972,Nicaragua,10
1972,Niger,4
1972,Nigeria,36
1972,North Korea,83
1972,Norway,161
1972,Pakistan,26
1972,Panama,8
1972,Paraguay,3
1972,Peru,31
1972,Philippines,79
1972,Poland,418
1972,Portugal,41
1972,Puerto Rico,60
1972,Romania,258
1972,San Marino,7
1972,Saudi Arabia,14
1972,Senegal,40
1972,Singapore,12
1972,Somalia,4
1972,South Korea,43
1972,South Vietnam,2
1972,Soviet Union,531
1972,Spain,162
1972,Sri Lanka,6
1972,Sudan,31
1972,Suriname,3
1972,Swaziland,4
1972,Sweden,186
1972,Switzerland,265
1972,Syria,5
1972,Tanzania,22
1972,Thailand,37
1972,Togo,7
1972,Trinidad and Tobago,36
1972,Tunisia,37
1972,Turkey,50
1972,Uganda,35
1972,United States,578
1972,United States Virgin Islands,16
1972,Uruguay,20
1972,Venezuela,33
1972,West Germany,587
1972,Yugoslavia,212
1972,Zambia,12
1976,Andorra,3
1976,Antigua and Barbuda,17
1976,Argentina,106
1976,Australia,274
1976,Austria,73
1976,Bahamas,19
1976,Barbados,17
1976,Belgium,149
1976,Belize,4
1976,Bermuda,20
1976,Bolivia,5
1976,Brazil,89
1976,Bulgaria,254
1976,Cameroon,4
1976,Canada,531
1976,Cayman Islands,2
1976,Chile,9
1976,Colombia,44
1976,Costa Rica,10
1976,Cote d'Ivoire,11
1976,Cuba,194
1976,Czechoslovakia,251
1976,Denmark,81
1976,Dominican Republic,11
1976,East Germany,407
1976,Ecuador,8
1976,Egypt,26
1976,Fiji,5
1976,Finland,108
1976,France,302
1976,Great Britain,353
1976,Greece,40
1976,Guatemala,28
1976,Haiti,14
1976,Honduras,3
1976,Hong Kong,50
1976,Hungary,288
1976,Iceland,22
1976,India,26
1976,Indonesia,11
1976,Iran,104
1976,Ireland,59
1976,Israel,34
1976,Italy,312
1976,Jamaica,36
1976,Japan,328
1976,Kuwait,21
1976,Lebanon,4
1976,Liechtenstein,9
1976,Luxembourg,9
1976,Malaysia,25
1976,Mexico,137
1976,Monaco,10
1976,Mongolia,33
1976,Morocco,9
1976,Nepal,1
1976,Netherlands,175
1976,Netherlands Antilles,4
1976,New Zealand,98
1976,Nicaragua,25
1976,North Korea,40
1976,Norway,79
1976,Pakistan,24
1976,Panama,13
1976,Papua New Guinea,9
1976,Paraguay,6
1976,Peru,14
1976,Philippines,22
1976,Poland,286
1976,Portugal,36
1976,Puerto Rico,112
1976,Romania,255
1976,San Marino,10
1976,Saudi Arabia,19
1976,Senegal,33
1976,Singapore,4
1976,South Korea,51
1976,Soviet Union,574
1976,Spain,160
1976,Suriname,4
1976,Sweden,163
1976,Switzerland,101
1976,Thailand,62
1976,Trinidad and Tobago,20
1976,Tunisia,16
1976,Turkey,28
1976,United States,554
1976,United States Virgin Islands,26
1976,Uruguay,15
1976,Venezuela,56
1976,West Germany,452
1976,Yugoslavia,95
1980,Afghanistan,11
1980,Algeria,63
1980,Andorra,2
1980,Angola,17
1980,Australia,190
1980,Austria,92
1980,Belgium,84
1980,Benin,17
1980,Botswana,8
1980,Brazil,149
1980,Bulgaria,397
1980,Cameroon,29
1980,Colombia,28
1980,Congo (Brazzaville),25
1980,Costa Rica,37
1980,Cuba,288
1980,Cyprus,15
1980,Czechoslovakia,317
1980,Denmark,60
1980,Dominican Republic,7
1980,East Germany,495
1980,Ecuador,16
1980,Ethiopia,48
1980,Finland,125
1980,France,200
1980,Great Britain,328
1980,Greece,45
1980,Guatemala,10
1980,Guinea,10
1980,Guyana,10
1980,Hungary,392
1980,Iceland,12
1980,India,78
1980,Iraq,44
1980,Ireland,57
1980,Italy,203
1980,Jamaica,32
1980,Jordan,6
1980,Kuwait,67
1980,Laos,19
1980,Lebanon,19
1980,Lesotho,7
1980,Libya,38
1980,Luxembourg,4
1980,Madagascar,18
1980,Mali,7
1980,Malta,12
1980,Mexico,74
1980,Mongolia,57
1980,Mozambique,16
1980,Myanmar,2
1980,Nepal,10
1980,Netherlands,112
1980,New Zealand,7
1980,Nicaragua,6
1980,Nigeria,56
1980,North Korea,121
1980,Peru,38
1980,Poland,418
1980,Portugal,18
1980,Puerto Rico,3
1980,Romania,339
1980,San Marino,16
1980,Senegal,39
1980,Seychelles,21
1980,Sierra Leone,32
1980,Soviet Union,660
1980,Spain,211
1980,Sri Lanka,4
1980,Sweden,201
1980,Switzerland,86
1980,Syria,71
1980,Tanzania,48
1980,Trinidad and Tobago,15
1980,Uganda,16
1980,Venezuela,43
1980,Vietnam,38
1980,Yugoslavia,180
1980,Zambia,43
1980,Zimbabwe,52
1984,Algeria,33
1984,Andorra,2
1984,Antigua and Barbuda,27
1984,Argentina,115
1984,Australia,337
1984,Austria,130
1984,Bahamas,31
1984,Bahrain,14
1984,Bangladesh,2
1984,Barbados,25
1984,Belgium,86
1984,Belize,13
1984,Benin,3
1984,Bermuda,13
1984,Bhutan,6
1984,Bolivia,13
1984,Botswana,8
1984,Brazil,197
1984,British Virgin Islands,13
1984,Cameroon,56
1984,Canada,572
1984,Cayman Islands,14
1984,Central African Republic,3
1984,Chad,3
1984,Chile,64
1984,China,323
1984,Chinese Taipei,52
1984,Colombia,48
1984,Congo (Brazzaville),13
1984,Congo (Kinshasa),9
1984,Costa Rica,32
1984,Cote d'Ivoire,18
1984,Cyprus,12
1984,Denmark,74
1984,Djibouti,3
1984,Dominican Republic,24
1984,Ecuador,15
1984,Egypt,148
1984,El Salvador,15
1984,Equatorial Guinea,5
1984,Fiji,26
1984,Finland,107
1984,France,354
1984,Gabon,4
1984,Gambia,16
1984,Ghana,27
1984,Great Britain,509
1984,Greece,73
1984,Grenada,6
1984,Guatemala,53
1984,Guinea,1
1984,Guyana,12
1984,Haiti,3
1984,Honduras,26
1984,Hong Kong,87
1984,Iceland,35
1984,India,53
1984,Indonesia,23
1984,Iraq,25
1984,Ireland,55
1984,Israel,65
1984,Italy,368
1984,Jamaica,75
1984,Japan,365
1984,Jordan,15
1984,Kenya,67
1984,Kuwait,31
1984,Lebanon,30
1984,Lesotho,5
1984,Liberia,10
1984,Liechtenstein,8
1984,Luxembourg,5
1984,Madagascar,5
1984,Malawi,23
1984,Malaysia,27
1984,Mali,5
1984,Malta,7
1984,Mauritania,2
1984,Mauritius,7
1984,Mexico,155
1984,Monaco,8
1984,Morocco,35
1984,Mozambique,14
1984,Myanmar,1
1984,Nepal,10
1984,Netherlands,185
1984,Netherlands Antilles,13
1984,New Zealand,162
1984,Nicaragua,5
1984,Niger,4
1984,Nigeria,36
1984,North Yemen,3
1984,Norway,132
1984,Oman,22
1984,Pakistan,33
1984,Panama,10
1984,Papua New Guinea,12
1984,Paraguay,18
1984,Peru,44
1984,Philippines,32
1984,Portugal,48
1984,Puerto Rico,58
1984,Qatar,26
1984,Romania,193
1984,Rwanda,6
1984,Samoa,9
1984,San Marino,31
1984,Saudi Arabia,42
1984,Senegal,29
1984,Seychelles,15
1984,Sierra Leone,10
1984,Singapore,14
1984,Solomon Islands,3
1984,Somalia,9
1984,South Korea,240
1984,Spain,257
1984,Sri Lanka,6
1984,Sudan,9
1984,Suriname,7
1984,Swaziland,11
1984,Sweden,254
1984,Switzerland,245
1984,Syria,9
1984,Tanzania,21
1984,Thailand,40
1984,Togo,6
1984,Tonga,7
1984,Trinidad and Tobago,23
1984,Tunisia,28
1984,Turkey,62
1984,Uganda,30
1984,United Arab Emirates,11
1984,United States,693
1984,United States Virgin Islands,52
1984,Uruguay,23
1984,Venezuela,44
1984,West Germany,571
1984,Yugoslavia,154
1984,Zambia,18
1984,Zimbabwe,20
1988,Afghanistan,5
1988,Algeria,45
1988,American Samoa,6
1988,Andorra,4
1988,Angola,33
1988,Antigua and Barbuda,25
1988,Argentina,134
1988,Aruba,12
1988,Australia,339
1988,Austria,96
1988,Bahamas,18
1988,Bahrain,16
1988,Bangladesh,11
1988,Barbados,26
1988,Belgium,85
1988,Belize,13
1988,Benin,10
1988,Bermuda,14
1988,Bhutan,6
1988,Bolivia,12
1988,Botswana,11
1988,Brazil,233
1988,British Virgin Islands,4
1988,Bulgaria,281
1988,Burkina Faso,9
1988,Cameroon,21
1988,Canada,503
1988,Cayman Islands,12
1988,Central African Republic,15
1988,Chad,6
1988,Chile,23
1988,China,427
1988,Chinese Taipei,123
1988,Colombia,57
1988,Congo (Brazzaville),10
1988,Congo (Kinshasa),21
1988,Cook Islands,8
1988,Costa Rica,33
1988,Cote d'Ivoire,29
1988,Cyprus,11
1988,Czechoslovakia,226
1988,Denmark,130
1988,Djibouti,6
1988,Dominican Republic,18
1988,East Germany,402
1988,Ecuador,15
1988,Egypt,59
1988,El Salvador,7
1988,Equatorial Guinea,7
1988,Fiji,41
1988,Finland,101
1988,France,413
1988,Gabon,2
1988,Gambia,6
1988,Ghana,21
1988,Great Britain,472
1988,Greece,72
1988,Grenada,7
1988,Guam,26
1988,Guatemala,37
1988,Guinea,7
1988,Guyana,8
1988,Haiti,5
1988,Honduras,18
1988,Hong Kong,91
1988,Hungary,315
1988,Iceland,42
1988,India,55
1988,Indonesia,43
1988,Iran,26
1988,Iraq,28
1988,Ireland,78
1988,Israel,29
1988,Italy,374
1988,Jamaica,49
1988,Japan,412
1988,Jordan,9
1988,Kenya,88
1988,Kuwait,34
1988,Laos,3
1988,Lebanon,31
1988,Lesotho,6
1988,Liberia,11
1988,Libya,7
1988,Liechtenstein,16
1988,Luxembourg,11
1988,Malawi,22
1988,Malaysia,17
1988,Maldives,9
1988,Mali,8
1988,Malta,6
1988,Mauritania,7
1988,Mauritius,11
1988,Mexico,144
1988,Monaco,9
1988,Mongolia,32
1988,Morocco,29
1988,Mozambique,12
1988,Myanmar,3
1988,Nepal,20
1988,Netherlands,202
1988,Netherlands Antilles,4
1988,New Zealand,112
1988,Niger,6
1988,Nigeria,86
1988,North Yemen,8
1988,Norway,79
1988,Oman,13
1988,Pakistan,33
1988,Panama,9
1988,Papua New Guinea,15
1988,Paraguay,13
1988,Peru,26
1988,Philippines,42
1988,Poland,192
1988,Portugal,91
1988,Puerto Rico,56
1988,Qatar,13
1988,Romania,172
1988,Rwanda,8
1988,Saint Vincent and the Grenadines,6
1988,Samoa,11
1988,San Marino,15
1988,Saudi Arabia,13
1988,Senegal,35
1988,Sierra Leone,20
1988,Singapore,27
1988,Solomon Islands,5
1988,Somalia,5
1988,South Korea,551
1988,South Yemen,5
1988,Soviet Union,647
1988,Spain,317
1988,Sri Lanka,9
1988,Sudan,8
1988,Suriname,10
1988,Swaziland,15
1988,Sweden,251
1988,Switzerland,151
1988,Syria,13
1988,Tanzania,10
1988,Thailand,15
1988,Togo,6
1988,Tonga,7
1988,Trinidad and Tobago,10
1988,Tunisia,45
1988,Turkey,51
1988,Uganda,30
1988,United Arab Emirates,36
1988,United States,715
1988,United States Virgin Islands,46
1988,Uruguay,18
1988,Vanuatu,6
1988,Venezuela,17
1988,Vietnam,12
1988,West Germany,516
1988,Yugoslavia,183
1988,Zambia,33
1988,Zimbabwe,47
1992,Albania,9
1992,Algeria,36
1992,American Samoa,3
1992,Andorra,8
1992,Angola,33
1992,Antigua and Barbuda,18
1992,Argentina,111
1992,Aruba,5
1992,Australia,390
1992,Austria,127
1992,Bahamas,18
1992,Bahrain,15
1992,Bangladesh,9
1992,Barbados,22
1992,Belgium,103
1992,Belize,18
1992,Benin,7
1992,Bermuda,29
1992,Bhutan,12
1992,Bolivia,21
1992,Bosnia and Herzegovina,13
1992,Botswana,6
1992,Brazil,233
1992,British Virgin Islands,4
1992,Bulgaria,236
1992,Burkina Faso,4
1992,Cameroon,12
1992,Canada,445
1992,Cayman Islands,13
1992,Central African Republic,21
1992,Chad,7
1992,Chile,15
1992,China,394
1992,Chinese Taipei,38
1992,Colombia,61
1992,Congo (Brazzaville),10
1992,Congo (Kinshasa),19
1992,Cook Islands,2
1992,Costa Rica,20
1992,Cote d'Ivoire,18
1992,Croatia,46
1992,Cuba,196
1992,Cyprus,19
1992,Czechoslovakia,269
1992,Denmark,144
1992,Djibouti,8
1992,Dominican Republic,32
1992,Ecuador,15
1992,Egypt,83
1992,El Salvador,6
1992,Equatorial Guinea,8
1992,Estonia,46
1992,Ethiopia,24
1992,Fiji,36
1992,Finland,130
1992,France,486
1992,Gabon,5
1992,Gambia,8
1992,Germany,653
1992,Ghana,41
1992,Great Britain,512
1992,Greece,76
1992,Grenada,5
1992,Guam,45
1992,Guatemala,41
1992,Guinea,11
1992,Guyana,7
1992,Haiti,8
1992,Honduras,27
1992,Hong Kong,66
1992,Hungary,351
1992,Iceland,31
1992,India,61
1992,Individual Olympic Athletes,76
1992,Indonesia,51
1992,Iran,44
1992,Iraq,8
1992,Ireland,77
1992,Israel,44
1992,Italy,431
1992,Jamaica,51
1992,Japan,392
1992,Jordan,5
1992,Kenya,55
1992,Kuwait,37
1992,Laos,7
1992,Latvia,40
1992,Lebanon,18
1992,Lesotho,8
1992,Libya,5
1992,Liechtenstein,8
1992,Lithuania,54
1992,Luxembourg,8
1992,Madagascar,17
1992,Malawi,4
1992,Malaysia,30
1992,Maldives,10
1992,Mali,6
1992,Malta,8
1992,Mauritania,6
1992,Mauritius,22
1992,Mexico,140
1992,Monaco,4
1992,Mongolia,38
1992,Morocco,45
1992,Mozambique,7
1992,Myanmar,5
1992,Namibia,10
1992,Nepal,2
1992,Netherlands,257
1992,Netherlands Antilles,4
1992,New Zealand,175
1992,Nicaragua,9
1992,Niger,3
1992,Nigeria,72
1992,North Korea,123
1992,Norway,114
1992,Oman,5
1992,Pakistan,28
1992,Panama,7
1992,Papua New Guinea,19
1992,Paraguay,31
1992,Peru,21
1992,Philippines,38
1992,Poland,263
1992,Portugal,115
1992,Puerto Rico,101
1992,Qatar,30
1992,Romania,306
1992,Rwanda,10
1992,Saint Vincent and the Grenadines,8
1992,Samoa,5
1992,San Marino,20
1992,Saudi Arabia,17
1992,Senegal,25
1992,Seychelles,21
1992,Sierra Leone,15
1992,Singapore,37
1992,Slovenia,47
1992,Solomon Islands,1
1992,South Africa,141
1992,South Korea,322
1992,Spain,537
1992,Sri Lanka,16
1992,Sudan,7
1992,Suriname,9
1992,Swaziland,10
1992,Sweden,252
1992,Switzerland,171
1992,Syria,9
1992,Tanzania,9
1992,Thailand,64
1992,Togo,9
1992,Tonga,5
1992,Trinidad and Tobago,13
1992,Tunisia,15
1992,Turkey,54
1992,Uganda,9
1992,Unified Team,650
1992,United Arab Emirates,36
1992,United States,734
1992,United States Virgin Islands,34
1992,Uruguay,18
1992,Vanuatu,8
1992,Venezuela,27
1992,Vietnam,10
1992,Yemen,8
1992,Zambia,11
1992,Zimbabwe,28
1996,Afghanistan,2
1996,Albania,9
1996,Algeria,47
1996,American Samoa,7
1996,Andorra,8
1996,Angola,30
1996,Antigua and Barbuda,19
1996,Argentina,221
1996,Armenia,38
1996,Aruba,3
1996,Australia,550
1996,Austria,92
1996,Azerbaijan,24
1996,Bahamas,36
1996,Bahrain,5
1996,Bangladesh,4
1996,Barbados,22
1996,Belarus,259
1996,Belgium,81
1996,Belize,5
1996,Benin,7
1996,Bermuda,10
1996,Bhutan,2
1996,Bolivia,9
1996,Bosnia and Herzegovina,12
1996,Botswana,7
1996,Brazil,251
1996,British Virgin Islands,11
1996,Brunei,1
1996,Bulgaria,181
1996,Burkina Faso,5
1996,Burundi,7
1996,Cambodia,5
1996,Cameroon,19
1996,Canada,408
1996,Cape Verde,3
1996,Cayman Islands,9
1996,Central African Republic,5
1996,Chad,4
1996,Chile,24
1996,China,438
1996,Chinese Taipei,107
1996,Colombia,62
1996,Comoros,4
1996,Congo (Brazzaville),5
1996,Congo (Kinshasa),14
1996,Cook Islands,3
1996,Costa Rica,13
1996,Cote d'Ivoire,13
1996,Croatia,117
1996,Cuba,178
1996,Cyprus,24
1996,Czech Republic,169
1996,Denmark,145
1996,Djibouti,5
1996,Dominica,6
1996,Dominican Republic,16
1996,Ecuador,28
1996,Egypt,33
1996,El Salvador,10
1996,Equatorial Guinea,8
1996,Estonia,52
1996,Ethiopia,19
1996,Fiji,21
1996,Finland,105
1996,France,453
1996,Gabon,9
1996,Gambia,12
1996,Georgia,42
1996,Germany,626
1996,Ghana,40
1996,Great Britain,391
1996,Greece,180
1996,Grenada,5
1996,Guam,9
1996,Guatemala,28
1996,Guinea,5
1996,Guinea Bissau,3
1996,Guyana,9
1996,Haiti,7
1996,Honduras,7
1996,Hong Kong,32
1996,Hungary,315
1996,Iceland,15
1996,India,54
1996,Indonesia,45
1996,Iran,18
1996,Iraq,3
1996,Ireland,99
1996,Israel,38
1996,Italy,460
1996,Jamaica,69
1996,Japan,448
1996,Jordan,5
1996,Kazakhstan,142
1996,Kenya,54
1996,Kuwait,27
1996,Kyrgyzstan,53
1996,Laos,5
1996,Latvia,55
1996,Lebanon,1
1996,Lesotho,11
1996,Liberia,7
1996,Libya,5
1996,Liechtenstein,2
1996,Lithuania,81
1996,Luxembourg,7
1996,Macedonia,16
1996,Madagascar,14
1996,Malawi,2
1996,Malaysia,43
1996,Maldives,9
1996,Mali,4
1996,Malta,10
1996,Mauritania,4
1996,Mauritius,36
1996,Mexico,111
1996,Moldova,50
1996,Monaco,4
1996,Mongolia,18
1996,Morocco,38
1996,Mozambique,3
1996,Myanmar,3
1996,Namibia,10
1996,Nauru,3
1996,Nepal,6
1996,Netherlands,290
1996,Netherlands Antilles,7
1996,New Zealand,129
1996,Nicaragua,28
1996,Niger,3
1996,Nigeria,84
1996,North Korea,36
1996,Norway,116
1996,Oman,5
1996,Pakistan,24
1996,Palestine,1
1996,Panama,9
1996,Papua New Guinea,17
1996,Paraguay,7
1996,Peru,33
1996,Philippines,18
1996,Poland,207
1996,Portugal,131
1996,Puerto Rico,91
1996,Qatar,13
1996,Romania,284
1996,Russia,552
1996,Rwanda,4
1996,Saint Kitts and Nevis,14
1996,Saint Lucia,8
1996,Saint Vincent and the Grenadines,12
1996,Samoa,5
1996,San Marino,7
1996,Sao Tome and Principe,2
1996,Saudi Arabia,34
1996,Senegal,12
1996,Serbia and Montenegro,79
1996,Seychelles,9
1996,Sierra Leone,19
1996,Singapore,35
1996,Slovakia,98
1996,Slovenia,47
1996,Solomon Islands,4
1996,Somalia,4
1996,South Africa,111
1996,South Korea,417
1996,Spain,384
1996,Sri Lanka,11
1996,Sudan,4
1996,Suriname,11
1996,Swaziland,6
1996,Sweden,233
1996,Switzerland,172
1996,Syria,8
1996,Tajikistan,8
1996,Tanzania,7
1996,Thailand,58
1996,Togo,7
1996,Tonga,5
1996,Trinidad and Tobago,16
1996,Tunisia,52
1996,Turkey,61
1996,Turkmenistan,7
1996,Uganda,12
1996,Ukraine,351
1996,United Arab Emirates,4
1996,United States,839
1996,United States Virgin Islands,14
1996,Uruguay,15
1996,Uzbekistan,95
1996,Vanuatu,4
1996,Venezuela,53
1996,Vietnam,6
1996,Yemen,4
1996,Zambia,8
1996,Zimbabwe,21
2000,Albania,5
2000,Algeria,51
2000,American Samoa,4
2000,Andorra,5
2000,Angola,30
2000,Antigua and Barbuda,4
2000,Argentina,165
2000,Armenia,26
2000,Aruba,5
2000,Australia,788
2000,Austria,114
2000,Azerbaijan,32
2000,Bahamas,39
2000,Bahrain,4
2000,Bangladesh,6
2000,Barbados,28
2000,Belarus,231
2000,Belgium,94
2000,Belize,2
2000,Benin,4
2000,Bermuda,7
2000,Bhutan,2
2000,Bolivia,5
2000,Bosnia and Herzegovina,11
2000,Botswana,9
2000,Brazil,236
2000,British Virgin Islands,1
2000,Brunei,2
2000,Bulgaria,150
2000,Burkina Faso,4
2000,Burundi,6
2000,Cambodia,4
2000,Cameroon,39
2000,Canada,422
2000,Cape Verde,2
2000,Cayman Islands,4
2000,Central African Republic,3
2000,Chad,3
2000,Chile,58
2000,China,414
2000,Chinese Taipei,75
2000,Colombia,54
2000,Comoros,2
2000,Congo (Brazzaville),5
2000,Congo (Kinshasa),3
2000,Cook Islands,2
2000,Costa Rica,9
2000,Cote d'Ivoire,18
2000,Croatia,108
2000,Cuba,271
2000,Cyprus,24
2000,Czech Republic,162
2000,Denmark,124
2000,Djibouti,2
2000,Dominica,4
2000,Dominican Republic,13
2000,Ecuador,11
2000,Egypt,103
2000,El Salvador,10
2000,Equatorial Guinea,4
2000,Eritrea,3
2000,Estonia,41
2000,Ethiopia,27
2000,Federated States of Micronesia,5
2000,Fiji,9
2000,Finland,88
2000,France,470
2000,Gabon,6
2000,Gambia,2
2000,Georgia,47
2000,Germany,567
2000,Ghana,28
2000,Great Britain,415
2000,Greece,175
2000,Grenada,3
2000,Guam,7
2000,Guatemala,18
2000,Guinea,6
2000,Guinea Bissau,3
2000,Guyana,4
2000,Haiti,5
2000,Honduras,20
2000,Hong Kong,46
2000,Hungary,238
2000,Iceland,29
2000,India,70
2000,Individual Olympic Athletes,4
2000,Indonesia,54
2000,Iran,34
2000,Iraq,4
2000,Ireland,76
2000,Israel,58
2000,Italy,457
2000,Jamaica,65
2000,Japan,363
2000,Jordan,8
2000,Kazakhstan,158
2000,Kenya,59
2000,Kuwait,30
2000,Kyrgyzstan,71
2000,Laos,3
2000,Latvia,60
2000,Lebanon,6
2000,Lesotho,6
2000,Liberia,10
2000,Libya,3
2000,Liechtenstein,2
2000,Lithuania,77
2000,Luxembourg,9
2000,Macedonia,15
2000,Madagascar,13
2000,Malawi,2
2000,Malaysia,55
2000,Maldives,4
2000,Mali,5
2000,Malta,7
2000,Mauritania,2
2000,Mauritius,26
2000,Mexico,98
2000,Moldova,35
2000,Monaco,4
2000,Mongolia,23
2000,Morocco,55
2000,Mozambique,4
2000,Myanmar,7
2000,Namibia,16
2000,Nauru,2
2000,Nepal,5
2000,Netherlands,285
2000,Netherlands Antilles,8
2000,New Zealand,177
2000,Nicaragua,6
2000,Niger,4
2000,Nigeria,100
2000,North Korea,47
2000,Norway,115
2000,Oman,8
2000,Pakistan,27
2000,Palau,5
2000,Palestine,2
2000,Panama,7
2000,Papua New Guinea,5
2000,Paraguay,5
2000,Peru,22
2000,Philippines,22
2000,Poland,240
2000,Portugal,64
2000,Puerto Rico,38
2000,Qatar,19
2000,Romania,252
2000,Russia,602
2000,Rwanda,5
2000,Saint Kitts and Nevis,4
2000,Saint Lucia,5
2000,Saint Vincent and the Grenadines,4
2000,Samoa,5
2000,San Marino,4
2000,Sao Tome and Principe,2
2000,Saudi Arabia,23
2000,Senegal,32
2000,Serbia and Montenegro,125
2000,Seychelles,9
2000,Sierra Leone,3
2000,Singapore,23
2000,Slovakia,132
2000,Slovenia,90
2000,Solomon Islands,2
2000,Somalia,2
2000,South Africa,161
2000,South Korea,359
2000,Spain,431
2000,Sri Lanka,24
2000,Sudan,3
2000,Suriname,5
2000,Swaziland,6
2000,Sweden,198
2000,Switzerland,138
2000,Syria,8
2000,Tajikistan,4
2000,Tanzania,4
2000,Thailand,68
2000,Togo,3
2000,Tonga,3
2000,Trinidad and Tobago,29
2000,Tunisia,47
2000,Turkey,67
2000,Turkmenistan,8
2000,Uganda,13
2000,Ukraine,368
2000,United Arab Emirates,5
2000,United States,764
2000,United States Virgin Islands,12
2000,Uruguay,17
2000,Uzbekistan,85
2000,Vanuatu,3
2000,Venezuela,65
2000,Vietnam,7
2000,Yemen,2
2000,Zambia,8
2000,Zimbabwe,26
2004,Afghanistan,5
2004,Albania,7
2004,Algeria,71
2004,American Samoa,3
2004,Andorra,6
2004,Angola,30
2004,Antigua and Barbuda,5
2004,Argentina,179
2004,Armenia,19
2004,Aruba,4
2004,Australia,601
2004,Austria,92
2004,Azerbaijan,37
2004,Bahamas,28
2004,Bahrain,10
2004,Bangladesh,4
2004,Barbados,15
2004,Belarus,192
2004,Belgium,70
2004,Belize,2
2004,Benin,4
2004,Bermuda,10
2004,Bhutan,2
2004,Bolivia,11
2004,Bosnia and Herzegovina,11
2004,Botswana,12
2004,Brazil,318
2004,British Virgin Islands,1
2004,Brunei,1
2004,Bulgaria,119
2004,Burkina Faso,5
2004,Burundi,7
2004,Cambodia,4
2004,Cameroon,19
2004,Canada,391
2004,Cape Verde,3
2004,Cayman Islands,8
2004,Central African Republic,4
2004,Chad,1
2004,Chile,29
2004,China,518
2004,Chinese Taipei,104
2004,Colombia,71
2004,Comoros,3
2004,Congo (Brazzaville),5
2004,Congo (Kinshasa),6
2004,Cook Islands,3
2004,Costa Rica,21
2004,Cote d'Ivoire,5
2004,Croatia,100
2004,Cuba,177
2004,Cyprus,21
2004,Czech Republic,171
2004,Denmark,115
2004,Dominica,2
2004,Dominican Republic,33
2004,Ecuador,18
2004,Egypt,104
2004,El Salvador,9
2004,Equatorial Guinea,2
2004,Eritrea,5
2004,Estonia,45
2004,Ethiopia,27
2004,Federated States of Micronesia,5
2004,Fiji,9
2004,Finland,67
2004,France,461
2004,Gabon,5
2004,Gambia,3
2004,Georgia,39
2004,Germany,592
2004,Ghana,29
2004,Great Britain,360
2004,Greece,499
2004,Grenada,5
2004,Guam,4
2004,Guatemala,19
2004,Guinea,4
2004,Guinea Bissau,3
2004,Guyana,4
2004,Haiti,8
2004,Honduras,5
2004,Hong Kong,42
2004,Hungary,258
2004,Iceland,34
2004,India,81
2004,Indonesia,39
2004,Iran,37
2004,Iraq,24
2004,Ireland,55
2004,Israel,46
2004,Italy,474
2004,Jamaica,62
2004,Japan,414
2004,Jordan,8
2004,Kazakhstan,130
2004,Kenya,46
2004,Kiribati,3
2004,Kuwait,11
2004,Kyrgyzstan,32
2004,Laos,5
2004,Latvia,45
2004,Lebanon,5
2004,Lesotho,3
2004,Liberia,2
2004,Libya,8
2004,Liechtenstein,1
2004,Lithuania,70
2004,Luxembourg,14
2004,Macedonia,14
2004,Madagascar,8
2004,Malawi,4
2004,Malaysia,38
2004,Maldives,4
2004,Mali,21
2004,Malta,7
2004,Mauritania,2
2004,Mauritius,9
2004,Mexico,137
2004,Moldova,33
2004,Monaco,3
2004,Mongolia,21
2004,Morocco,57
2004,Mozambique,4
2004,Myanmar,2
2004,Namibia,10
2004,Nauru,3
2004,Nepal,6
2004,Netherlands,264
2004,Netherlands Antilles,3
2004,New Zealand,184
2004,Nicaragua,6
2004,Niger,4
2004,Nigeria,79
2004,North Korea,71
2004,Norway,60
2004,Oman,2
2004,Pakistan,26
2004,Palau,4
2004,Palestine,3
2004,Panama,5
2004,Papua New Guinea,6
2004,Paraguay,22
2004,Peru,14
2004,Philippines,21
2004,Poland,224
2004,Portugal,93
2004,Puerto Rico,52
2004,Qatar,15
2004,Romania,193
2004,Russia,593
2004,Rwanda,5
2004,Saint Kitts and Nevis,2
2004,Saint Lucia,2
2004,Saint Vincent and the Grenadines,3
2004,Samoa,3
2004,San Marino,5
2004,Sao Tome and Principe,2
2004,Saudi Arabia,16
2004,Senegal,21
2004,Serbia and Montenegro,96
2004,Seychelles,10
2004,Sierra Leone,2
2004,Singapore,22
2004,Slovakia,84
2004,Slovenia,102
2004,Solomon Islands,2
2004,Somalia,2
2004,South Africa,128
2004,South Korea,344
2004,Spain,423
2004,Sri Lanka,8
2004,Sudan,4
2004,Suriname,4
2004,Swaziland,3
2004,Sweden,157
2004,Switzerland,138
2004,Syria,6
2004,Tajikistan,9
2004,Tanzania,9
2004,Thailand,51
2004,Timor Leste,2
2004,Togo,3
2004,Tonga,5
2004,Trinidad and Tobago,26
2004,Tunisia,64
2004,Turkey,74
2004,Turkmenistan,10
2004,Uganda,11
2004,Ukraine,357
2004,United Arab Emirates,5
2004,United States,726
2004,United States Virgin Islands,9
2004,Uruguay,18
2004,Uzbekistan,79
2004,Vanuatu,2
2004,Venezuela,53
2004,Vietnam,11
2004,Yemen,3
2004,Zambia,6
2004,Zimbabwe,14
2008,Afghanistan,4
2008,Albania,12
2008,Algeria,57
2008,American Samoa,4
2008,Andorra,5
2008,Angola,33
2008,Antigua and Barbuda,5
2008,Argentina,145
2008,Armenia,26
2008,Aruba,2
2008,Australia,567
2008,Austria,93
2008,Azerbaijan,44
2008,Bahamas,33
2008,Bahrain,15
2008,Bangladesh,5
2008,Barbados,10
2008,Belarus,237
2008,Belgium,112
2008,Belize,4
2008,Benin,5
2008,Bermuda,6
2008,Bhutan,2
2008,Bolivia,7
2008,Bonaparte,1
2008,Bosnia and Herzegovina,7
2008,Botswana,11
2008,Brazil,338
2008,Brentina,1
2008,Briar,1
2008,British Virgin Islands,2
2008,Bulgaria,87
2008,Burkina Faso,6
2008,Burundi,3
2008,Calimucho,1
2008,Cambodia,4
2008,Cameroon,32
2008,Canada,446
2008,Cape Verde,2
2008,Cayman Islands,6
2008,Central African Republic,3
2008,Chad,2
2008,Chile,29
2008,China,730
2008,Chinese Taipei,92
2008,Clearwater,1
2008,Colombia,90
2008,Comoros,3
2008,Congo (Brazzaville),5
2008,Congo (Kinshasa),5
2008,Cook Islands,4
2008,Costa Rica,8
2008,Cote d'Ivoire,22
2008,Croatia,125
2008,Cuba,171
2008,Cyprus,18
2008,Czech Republic,158
2008,Denmark,105
2008,Diabolo St Maurice,1
2008,Digby,1
2008,Djibouti,2
2008,Dominica,2
2008,Dominican Republic,27
2008,Don Schufro,1
2008,Dow Jones,1
2008,Ecuador,26
2008,Egypt,116
2008,El Salvador,14
2008,Elvis Va,1
2008,Equatorial Guinea,3
2008,Eritrea,11
2008,Estonia,53
2008,Ethiopia,29
2008,Federated States of Micronesia,5
2008,Fiji,6
2008,Finland,70
2008,Floresco,1
2008,France,445
2008,Gabon,4
2008,Galopin De La Font,1
2008,Gambia,3
2008,Georgia,38
2008,Germany,555
2008,Ghana,9
2008,Gran Gesto,1
2008,Great Britain,417
2008,Greece,176
2008,Greenoaks Dundee,1
2008,Grenada,9
2008,Guam,7
2008,Guatemala,13
2008,Guinea,5
2008,Guinea Bissau,3
2008,Guyana,4
2008,Haiti,7
2008,Honduras,26
2008,Hong Kong,47
2008,Hungary,216
2008,Iceland,31
2008,India,67
2008,Indonesia,26
2008,Iran,55
2008,Iraq,4
2008,Ireland,63
2008,Israel,60
2008,Italy,459
2008,Jamaica,66
2008,Japan,454
2008,Jordan,7
2008,Kazakhstan,146
2008,Kenya,47
2008,Kiribati,2
2008,Kuwait,8
2008,Kyrgyzstan,22
2008,Lancet,1
2008,Laos,4
2008,Latvia,53
2008,Lebanon,6
2008,Lesotho,5
2008,Liberia,4
2008,Libya,6
2008,Liechtenstein,2
2008,Lithuania,78
2008,Lucky Star,1
2008,Luxembourg,19
2008,Macedonia,7
2008,Madagascar,6
2008,Malawi,4
2008,Malaysia,42
2008,Maldives,4
2008,Mali,17
2008,Malta,6
2008,Marshall Islands,5
2008,Mauritania,2
2008,Mauritius,11
2008,Mexico,103
2008,Mistral Hojris,1
2008,Moldova,30
2008,Monaco,5
2008,Mongolia,31
2008,Montenegro,20
2008,Morocco,49
2008,Mozambique,4
2008,Myanmar,7
2008,Mythilus,1
2008,Nadine,1
2008,Namibia,11
2008,Nauru,1
2008,Nepal,8
2008,Netherlands,280
2008,Netherlands Antilles,4
2008,New Zealand,201
2008,Nicaragua,7
2008,Niger,4
2008,Nigeria,89
2008,North Korea,66
2008,Norway,102
2008,Notavel,1
2008,Oman,4
2008,Orion,1
2008,Oxalis,1
2008,Pakistan,22
2008,Palau,5
2008,Palestine,4
2008,Panama,5
2008,Papua New Guinea,9
2008,Paraguay,7
2008,Peru,13
2008,Philippines,17
2008,Poland,316
2008,Pop Art,1
2008,Portugal,84
2008,Puerto Rico,31
2008,Qatar,20
2008,Quando Quando,1
2008,Rambo,1
2008,Ravel,1
2008,Relampago,1
2008,Romania,172
2008,Russia,600
2008,Rwanda,4
2008,Saint Kitts and Nevis,6
2008,Saint Lucia,4
2008,Saint Vincent and the Grenadines,2
2008,Salinero,1
2008,Samoa,7
2008,San Marino,4
2008,Sao Tome and Principe,4
2008,Satchmo,1
2008,Saudi Arabia,18
2008,Senegal,17
2008,Serbia,97
2008,Seychelles,10
2008,Sierra Leone,3
2008,Singapore,36
2008,Slovakia,67
2008,Slovenia,73
2008,Solomon Islands,3
2008,Solos Carex,1
2008,Somalia,2
2008,South Africa,179
2008,South Korea,329
2008,Spain,355
2008,Sri Lanka,9
2008,Sudan,9
2008,Sunrise,1
2008,Suriname,4
2008,Swaziland,4
2008,Sweden,166
2008,Switzerland,116
2008,Syria,7
2008,Tajikistan,16
2008,Tanzania,9
2008,Thailand,53
2008,Timor Leste,1
2008,Togo,4
2008,Tonga,3
2008,Trinidad and Tobago,35
2008,Tunisia,29
2008,Turkey,71
2008,Turkmenistan,10
2008,Tuvalu,3
2008,Uganda,11
2008,Ukraine,327
2008,United Arab Emirates,9
2008,United States,760
2008,United States Virgin Islands,8
2008,Uruguay,13
2008,Uzbekistan,69
2008,Vanuatu,3
2008,Venezuela,126
2008,Vietnam,18
2008,Whisper,1
2008,Whitini Star,1
2008,Yemen,8
2008,Zambia,8
2008,Zimbabwe,16
2012,Afghanistan,6
2012,Albania,10
2012,Algeria,39
2012,American Samoa,4
2012,Andorra,6
2012,Angola,35
2012,Antigua and Barbuda,4
2012,Argentina,148
2012,Armenia,31
2012,Aruba,4
2012,Australia,514
2012,Austria,90
2012,Azerbaijan,59
2012,Bahamas,29
2012,Bahrain,14
2012,Bangladesh,7
2012,Barbados,8
2012,Belarus,185
2012,Belgium,142
2012,Belize,3
2012,Benin,5
2012,Bermuda,8
2012,Bhutan,2
2012,Bolivia,5
2012,Bosnia and Herzegovina,8
2012,Botswana,4
2012,Brazil,306
2012,British Virgin Islands,2
2012,Brunei,3
2012,Bulgaria,75
2012,Burkina Faso,5
2012,Burundi,6
2012,Cambodia,6
2012,Cameroon,32
2012,Canada,354
2012,Cape Verde,3
2012,Cayman Islands,7
2012,Central African Republic,6
2012,Chad,2
2012,Chile,44
2012,China,479
2012,Chinese Taipei,55
2012,Colombia,120
2012,Comoros,3
2012,Congo (Brazzaville),7
2012,Congo (Kinshasa),4
2012,Cook Islands,9
2012,Costa Rica,11
2012,Cote d'Ivoire,10
2012,Croatia,118
2012,Cuba,118
2012,Cyprus,13
2012,Czech Republic,159
2012,Denmark,149
2012,Djibouti,4
2012,Dominica,2
2012,Dominican Republic,36
2012,Ecuador,36
2012,Egypt,132
2012,El Salvador,11
2012,Equatorial Guinea,2
2012,Eritrea,12
2012,Estonia,36
2012,Ethiopia,34
2012,Federated States of Micronesia,6
2012,Fiji,9
2012,Finland,69
2012,France,426
2012,Gabon,21
2012,Gambia,2
2012,Georgia,36
2012,Germany,510
2012,Ghana,7
2012,Great Britain,684
2012,Greece,115
2012,Grenada,8
2012,Guam,8
2012,Guatemala,24
2012,Guinea,4
2012,Guinea Bissau,4
2012,Guyana,6
2012,Haiti,5
2012,Honduras,25
2012,Hong Kong,55
2012,Hungary,201
2012,Iceland,36
2012,India,95
2012,Individual Olympic Athletes,4
2012,Indonesia,22
2012,Iran,57
2012,Iraq,8
2012,Ireland,76
2012,Israel,56
2012,Italy,382
2012,Jamaica,62
2012,Japan,399
2012,Jordan,9
2012,Kazakhstan,132
2012,Kenya,51
2012,Kiribati,3
2012,Kuwait,12
2012,Kyrgyzstan,15
2012,Laos,3
2012,Latvia,50
2012,Lebanon,10
2012,Lesotho,4
2012,Liberia,3
2012,Libya,4
2012,Liechtenstein,4
2012,Lithuania,72
2012,Luxembourg,11
2012,Macedonia,4
2012,Madagascar,7
2012,Malawi,3
2012,Malaysia,38
2012,Maldives,5
2012,Mali,6
2012,Malta,5
2012,Marshall Islands,4
2012,Mauritania,2
2012,Mauritius,11
2012,Mexico,119
2012,Moldova,20
2012,Monaco,6
2012,Mongolia,32
2012,Montenegro,34
2012,Morocco,67
2012,Mozambique,6
2012,Myanmar,6
2012,Namibia,9
2012,Nauru,2
2012,Nepal,5
2012,Netherlands,222
2012,New Zealand,204
2012,Nicaragua,6
2012,Niger,6
2012,Nigeria,58
2012,North Korea,57
2012,Norway,69
2012,Oman,3
2012,Pakistan,21
2012,Palau,5
2012,Palestine,5
2012,Panama,8
2012,Papua New Guinea,8
2012,Paraguay,10
2012,Peru,16
2012,Philippines,11
2012,Poland,256
2012,Portugal,98
2012,Puerto Rico,28
2012,Qatar,14
2012,Romania,155
2012,Russia,549
2012,Rwanda,7
2012,Saint Kitts and Nevis,7
2012,Saint Lucia,4
2012,Saint Vincent and the Grenadines,3
2012,Samoa,9
2012,San Marino,4
2012,Sao Tome and Principe,2
2012,Saudi Arabia,23
2012,Senegal,32
2012,Serbia,134
2012,Seychelles,6
2012,Sierra Leone,2
2012,Singapore,36
2012,Slovakia,65
2012,Slovenia,78
2012,Solomon Islands,4
2012,Somalia,2
2012,South Africa,145
2012,South Korea,312
2012,Spain,339
2012,Sri Lanka,8
2012,Sudan,6
2012,Suriname,5
2012,Swaziland,3
2012,Sweden,168
2012,Switzerland,126
2012,Syria,10
2012,Tajikistan,16
2012,Tanzania,6
2012,Thailand,43
2012,Timor Leste,2
2012,Togo,6
2012,Tonga,3
2012,Trinidad and Tobago,38
2012,Tunisia,87
2012,Turkey,119
2012,Turkmenistan,10
2012,Tuvalu,3
2012,Uganda,16
2012,Ukraine,304
2012,United Arab Emirates,26
2012,United States,689
2012,United States Virgin Islands,9
2012,Uruguay,27
2012,Uzbekistan,56
2012,Vanuatu,5
2012,Venezuela,85
2012,Vietnam,24
2012,Yemen,4
2012,Zambia,7
2012,Zimbabwe,9
2016,Afghanistan,3
2016,Albania,6
2016,Algeria,74
2016,American Samoa,4
2016,Andorra,4
2016,Angola,26
2016,Antigua and Barbuda,9
2016,Argentina,232
2016,Armenia,34
2016,Aruba,7
2016,Australia,518
2016,Austria,85
2016,Azerbaijan,69
2016,Bahamas,38
2016,Bahrain,33
2016,Bangladesh,7
2016,Barbados,13
2016,Belarus,142
2016,Belgium,138
2016,Belize,3
2016,Benin,6
2016,Bermuda,8
2016,Bhutan,2
2016,Bolivia,12
2016,Bosnia and Herzegovina,11
2016,Botswana,14
2016,Brazil,583
2016,British Virgin Islands,4
2016,Brunei,3
2016,Bulgaria,58
2016,Burkina Faso,5
2016,Burundi,10
2016,Cambodia,6
2016,Cameroon,22
2016,Canada,405
2016,Cape Verde,5
2016,Cayman Islands,5
2016,Central African Republic,6
2016,Chad,2
2016,Chile,47
2016,China,499
2016,Chinese Taipei,67
2016,Colombia,157
2016,Comoros,4
2016,Congo (Brazzaville),10
2016,Congo (Kinshasa),4
2016,Cook Islands,9
2016,Costa Rica,12
2016,Cote d'Ivoire,15
2016,Croatia,93
2016,Cuba,143
2016,Cyprus,21
2016,Czech Republic,135
2016,Denmark,143
2016,Djibouti,8
2016,Dominica,2
2016,Dominican Republic,30
2016,Ecuador,40
2016,Egypt,137
2016,El Salvador,10
2016,Equatorial Guinea,1
2016,Eritrea,12
2016,Estonia,49
2016,Ethiopia,38
2016,Federated States of Micronesia,5
2016,Fiji,53
2016,Finland,67
2016,France,512
2016,Gabon,6
2016,Gambia,4
2016,Georgia,45
2016,Germany,536
2016,Ghana,15
2016,Great Britain,478
2016,Greece,104
2016,Grenada,6
2016,Guam,5
2016,Guatemala,25
2016,Guinea,5
2016,Guinea Bissau,5
2016,Guyana,7
2016,Haiti,10
2016,Honduras,23
2016,Hong Kong,47
2016,Hungary,204
2016,Iceland,14
2016,India,130
2016,Individual Olympic Athletes,9
2016,Indonesia,31
2016,Iran,67
2016,Iraq,20
2016,Ireland,93
2016,Israel,59
2016,Italy,399
2016,Jamaica,77
2016,Japan,436
2016,Jordan,8
2016,Kazakhstan,123
2016,Kenya,80
2016,Kiribati,3
2016,Kosovo,8
2016,Kyrgyzstan,19
2016,Laos,5
2016,Latvia,33
2016,Lebanon,9
2016,Lesotho,9
2016,Liberia,3
2016,Libya,7
2016,Liechtenstein,3
2016,Lithuania,80
2016,Luxembourg,15
2016,Macedonia,6
2016,Madagascar,6
2016,Malawi,5
2016,Malaysia,42
2016,Maldives,4
2016,Mali,6
2016,Malta,8
2016,Marshall Islands,5
2016,Mauritania,2
2016,Mauritius,11
2016,Mexico,139
2016,Moldova,23
2016,Monaco,8
2016,Mongolia,46
2016,Montenegro,35
2016,Morocco,52
2016,Mozambique,8
2016,Myanmar,8
2016,Namibia,11
2016,Nauru,2
2016,Nepal,7
2016,Netherlands,329
2016,New Zealand,232
2016,Nicaragua,5
2016,Niger,6
2016,Nigeria,77
2016,North Korea,38
2016,Norway,77
2016,Oman,4
2016,Pakistan,7
2016,Palau,6
2016,Palestine,6
2016,Panama,14
2016,Papua New Guinea,8
2016,Paraguay,11
2016,Peru,34
2016,Philippines,13
2016,Poland,289
2016,Portugal,106
2016,Puerto Rico,41
2016,Qatar,42
2016,Refugee Olympic Athletes,12
2016,Romania,121
2016,Russia,406
2016,Rwanda,7
2016,Saint Kitts and Nevis,9
2016,Saint Lucia,5
2016,Saint Vincent and the Grenadines,4
2016,Samoa,9
2016,San Marino,4
2016,Sao Tome and Principe,3
2016,Saudi Arabia,11
2016,Senegal,22
2016,Serbia,127
2016,Seychelles,10
2016,Sierra Leone,4
2016,Singapore,32
2016,Slovakia,63
2016,Slovenia,70
2016,Solomon Islands,3
2016,Somalia,2
2016,South Africa,155
2016,South Korea,263
2016,South Sudan,3
2016,Spain,363
2016,Sri Lanka,10
2016,Sudan,6
2016,Suriname,6
2016,Swaziland,2
2016,Sweden,186
2016,Switzerland,152
2016,Syria,7
2016,Tajikistan,7
2016,Tanzania,7
2016,Thailand,58
2016,Timor Leste,3
2016,Togo,5
2016,Tonga,7
2016,Trinidad and Tobago,43
2016,Tunisia,65
2016,Turkey,119
2016,Turkmenistan,9
2016,Tuvalu,1
2016,Uganda,23
2016,Ukraine,272
2016,United Arab Emirates,12
2016,United States,719
2016,United States Virgin Islands,7
2016,Uruguay,17
2016,Uzbekistan,80
2016,Vanuatu,4
2016,Venezuela,105
2016,Vietnam,28
2016,Yemen,3
2016,Zambia,7
2016,Zimbabwe,31
2020,Afghanistan,5
2020,Albania,10
2020,Algeria,45
2020,American Samoa,6
2020,Andorra,3
2020,Angola,20
2020,Antigua and Barbuda,6
2020,Argentina,208
2020,Armenia,19
2020,Aruba,4
2020,Australia,638
2020,Austria,103
2020,Azerbaijan,55
2020,Bahamas,22
2020,Bahrain,33
2020,Bangladesh,8
2020,Barbados,9
2020,Belarus,137
2020,Belgium,185
2020,Belize,4
2020,Benin,7
2020,Bermuda,2
2020,Bhutan,4
2020,Bolivia,5
2020,Bosnia and Herzegovina,8
2020,Botswana,16
2020,Brazil,416
2020,British Virgin Islands,3
2020,Brunei,2
2020,Bulgaria,56
2020,Burkina Faso,8
2020,Burundi,7
2020,Cambodia,3
2020,Cameroon,12
2020,Canada,509
2020,Cape Verde,6
2020,Cayman Islands,9
2020,Central African Republic,2
2020,Chad,3
2020,Chile,63
2020,China,574
2020,Chinese Taipei,117
2020,Colombia,77
2020,Comoros,3
2020,Cook Islands,9
2020,Costa Rica,18
2020,Croatia,74
2020,Cuba,82
2020,Cyprus,23
2020,Czech Republic,151
2020,Democratic Republic of the Congo,7
2020,Denmark,138
2020,Djibouti,5
2020,Dominica,2
2020,Dominican Republic,69
2020,East Timor,3
2020,Ecuador,52
2020,Egypt,195
2020,El Salvador,7
2020,Equatorial Guinea,3
2020,Eritrea,14
2020,Estonia,42
2020,Eswatini,4
2020,Ethiopia,38
2020,Federated States of Micronesia,3
2020,Fiji,32
2020,Finland,49
2020,France,538
2020,Gabon,5
2020,Georgia,36
2020,Germany,597
2020,Ghana,16
2020,Great Britain,548
2020,Greece,100
2020,Grenada,6
2020,Guam,5
2020,Guatemala,24
2020,Guinea,5
2020,Guinea-Bissau,4
2020,Guyana,7
2020,Haiti,6
2020,Honduras,28
2020,"Hong Kong, China",65
2020,Hungary,237
2020,Iceland,5
2020,India,151
2020,Indonesia,35
2020,Iran,76
2020,Iraq,3
2020,Ireland,150
2020,Israel,128
2020,Italy,524
2020,Ivory Coast,32
2020,Jamaica,87
2020,Japan,787
2020,Jordan,15
2020,Kazakhstan,116
2020,Kenya,89
2020,Kiribati,3
2020,Kosovo,11
2020,Kuwait,10
2020,Kyrgyzstan,17
2020,Laos,4
2020,Latvia,38
2020,Lebanon,6
2020,Lesotho,2
2020,Liberia,4
2020,Libya,4
2020,Liechtenstein,9
2020,Lithuania,59
2020,Luxembourg,14
2020,Madagascar,6
2020,Malawi,5
2020,Malaysia,47
2020,Maldives,4
2020,Mali,4
2020,Malta,8
2020,Marshall Islands,2
2020,Mauritania,2
2020,Mauritius,8
2020,Mexico,196
2020,Moldova,26
2020,Monaco,6
2020,Mongolia,61
2020,Montenegro,35
2020,Morocco,51
2020,Mozambique,10
2020,Myanmar,2
2020,Namibia,11
2020,Nauru,2
2020,Nepal,5
2020,Netherlands,391
2020,New Zealand,279
2020,Nicaragua,8
2020,Niger,7
2020,Nigeria,68
2020,North Macedonia,8
2020,Norway,112
2020,Oman,5
2020,Pakistan,10
2020,Palau,3
2020,Palestine,5
2020,Panama,11
2020,Papua New Guinea,8
2020,Paraguay,9
2020,Peru,42
2020,Philippines,27
2020,Poland,282
2020,Portugal,113
2020,Puerto Rico,39
2020,Qatar,17
2020,Refugee Olympic Team,35
2020,Republic of the Congo,3
2020,Romania,119
2020,Russia,561
2020,Rwanda,5
2020,Saint Kitts and Nevis,2
2020,Saint Lucia,5
2020,Saint Vincent and the Grenadines,3
2020,Samoa,13
2020,San Marino,8
2020,Saudi Arabia,33
2020,Senegal,9
2020,Serbia,110
2020,Seychelles,6
2020,Sierra Leone,4
2020,Singapore,30
2020,Slovakia,56
2020,Slovenia,64
2020,Solomon Islands,3
2020,Somalia,2
2020,South Africa,211
2020,South Korea,338
2020,South Sudan,2
2020,Spain,429
2020,Sri Lanka,13
2020,Sudan,5
2020,Suriname,5
2020,Sweden,173
2020,Switzerland,196
2020,Syria,6
2020,So Tom and Prncipe,5
2020,Tajikistan,10
2020,Tanzania,3
2020,Thailand,48
2020,The Gambia,5
2020,Togo,4
2020,Tonga,6
2020,Trinidad and Tobago,44
2020,Tunisia,73
2020,Turkey,139
2020,Turkmenistan,10
2020,Tuvalu,2
2020,Uganda,28
2020,Ukraine,225
2020,United Arab Emirates,5
2020,United States,856
2020,Uruguay,11
2020,Uzbekistan,85
2020,Vanuatu,3
2020,Venezuela,47
2020,Vietnam,23
2020,Virgin Islands,5
2020,Yemen,6
2020,Zambia,31
2020,Zimbabwe,5
2024,AIN,46
2024,Afghanistan,7
2024,Albania,9
2024,Algeria,55
2024,American Samoa,2
2024,Andorra,4
2024,Angola,26
2024,Antigua and Barbuda,5
2024,Argentina,154
2024,Armenia,17
2024,Aruba,7
2024,Australia,649
2024,Austria,121
2024,Azerbaijan,49
2024,Bahamas,21
2024,Bahrain,15
2024,Bangladesh,5
2024,Barbados,4
2024,Belgium,240
2024,Belize,1
2024,Benin,5
2024,Bermuda,8
2024,Bhutan,3
2024,Bolivia,4
2024,Bosnia & Herzegovina,6
2024,Botswana,19
2024,Brazil,401
2024,Brunei Darussalam,3
2024,Bulgaria,61
2024,Burkina Faso,8
2024,Burundi,8
2024,Cabo Verde,7
2024,Cambodia,3
2024,Cameroon,6
2024,Canada,538
2024,Cayman Islands,5
2024,Centr Afric Re,4
2024,Chad,3
2024,Chile,52
2024,China,587
2024,Chinese Taipei,78
2024,Colombia,105
2024,Comoros,5
2024,Congo,4
2024,Cook Islands,2
2024,Costa Rica,6
2024,Croatia,85
2024,Cuba,69
2024,Cyprus,23
2024,Czechia,149
2024,Cte d'Ivoire,18
2024,DPR Korea,18
2024,DR Congo,6
2024,Denmark,161
2024,Djibouti,7
2024,Dominica,4
2024,Dominican Republic,64
2024,EOR,44
2024,Ecuador,47
2024,Egypt,207
2024,El Salvador,9
2024,Equatorial Guinea,3
2024,Eritrea,12
2024,Estonia,26
2024,Eswatini,3
2024,Ethiopia,35
2024,Fiji,36
2024,Finland,62
2024,France,801
2024,Gabon,5
2024,Gambia,8
2024,Georgia,38
2024,Germany,647
2024,Ghana,11
2024,Great Britain,533
2024,Greece,126
2024,Grenada,6
2024,Guam,9
2024,Guatemala,16
2024,Guinea,25
2024,Guinea-Bissau,6
2024,Guyana,5
2024,Haiti,12
2024,Honduras,4
2024,"Hong Kong, China",51
2024,Hungary,255
2024,IR Iran,46
2024,Iceland,7
2024,India,138
2024,Indonesia,36
2024,Iraq,23
2024,Ireland,185
2024,Israel,138
2024,Italy,610
2024,Jamaica,81
2024,Japan,598
2024,Jordan,13
2024,Kazakhstan,123
2024,Kenya,77
2024,Kiribati,3
2024,Korea,248
2024,Kosovo,9
2024,Kuwait,9
2024,Kyrgyzstan,17
2024,Lao PDR,4
2024,Latvia,32
2024,Lebanon,11
2024,Lesotho,3
2024,Liberia,10
2024,Libya,6
2024,Liechtenstein,1
2024,Lithuania,63
2024,Luxembourg,13
2024,Madagascar,7
2024,Malawi,3
2024,Malaysia,32
2024,Maldives,5
2024,Mali,24
2024,Malta,5
2024,Marshall Islands,4
2024,Mauritania,2
2024,Mauritius,12
2024,Mexico,155
2024,Micronesia,3
2024,Monaco,6
2024,Mongolia,48
2024,Montenegro,19
2024,Morocco,63
2024,Mozambique,7
2024,Myanmar,2
2024,Namibia,4
2024,Nauru,1
2024,Nepal,7
2024,Netherlands,449
2024,New Zealand,253
2024,Nicaragua,7
2024,Niger,7
2024,Nigeria,103
2024,North Macedonia,6
2024,Norway,128
2024,Oman,4
2024,Pakistan,10
2024,Palau,3
2024,Palestine,8
2024,Panama,13
2024,Papua New Guinea,7
2024,Paraguay,29
2024,Peru,32
2024,Philippines,44
2024,Poland,312
2024,Portugal,95
2024,Puerto Rico,53
2024,Qatar,13
2024,Republic of Moldova,30
2024,Romania,144
2024,Rwanda,8
2024,Saint Lucia,5
2024,Samoa,24
2024,San Marino,5
2024,Sao Tome & Principe,3
2024,Saudi Arabia,11
2024,Senegal,13
2024,Serbia,135
2024,Seychelles,3
2024,Sierra Leone,4
2024,Singapore,32
2024,Slovakia,38
2024,Slovenia,117
2024,Solomon Islands,2
2024,Somalia,1
2024,South Africa,161
2024,South Sudan,14
2024,Spain,526
2024,Sri Lanka,6
2024,St Kitts and Nevis,3
2024,StVincent&Grenadines,4
2024,Sudan,4
2024,Suriname,6
2024,Sweden,173
2024,Switzerland,218
2024,Syria,10
2024,Tajikistan,14
2024,Tanzania,7
2024,Thailand,58
2024,Timor-Leste,4
2024,Togo,5
2024,Tonga,4
2024,Trinidad and Tobago,23
2024,Tunisia,31
2024,Turkmenistan,6
2024,Tuvalu,2
2024,Trkiye,165
2024,UA Emirates,16
2024,Uganda,27
2024,Ukraine,212
2024,United States,854
2024,Uruguay,27
2024,Uzbekistan,119
2024,Vanuatu,6
2024,Venezuela,37
2024,Vietnam,20
2024,"Virgin Islands, B",4
2024,"Virgin Islands, US",5
2024,Yemen,4
2024,Zambia,32
2024,Zimbabwe,7
